gemini-1.5-pro,case8-github.yaml,"['<START>\n*   **Incorrect RedrivePolicy definition within the TopicEvent:** The `RedrivePolicy` should be defined within the `MyFunctionTopicEventQueue` resource, not within the `TopicEvent`. \n*   **Missing `QueueSNSDlq` resource:** The `RedrivePolicy` references a `QueueSNSDlq` resource that is not defined in the template. \n<END>']"
gemini-1.5-pro,case1-github.yaml,['<START>\nThere are no configuration errors in the provided code. \n<END>']
gemini-1.5-pro,case10-github.yaml,"['<START>\n*   **Incorrect CORS Configuration:** The `Cors` property in the `ApiGatewayApi` resource should be an object, not a string. \n*   **Redundant Proxy Integration:** The `Events` section of the `LambdaFunction` resource defines a proxy integration using `Type: Api`. This is redundant because the `ApiGatewayApi` resource already defines a proxy integration for the `/mypath` path. \n*   **Missing `Path` in `DefinitionBody`:** The `/mypath` path in the `DefinitionBody` is missing its `Path` parameter, which should be `/`.\n<END>']"
gemini-1.5-pro,case4-github.yaml,"[""<START>\nThere is one configuration error:\n\n* **Incorrect Request Parameters:** The `RequestParameters` configuration in the `MyEvent` API event is incorrect. In OpenAPI and API Gateway, request parameters should be defined using the parameter's location (`querystring`, `header`, `path`) and name, without the `method.request.` prefix. \n\n  Here's how it should be:\n\n  ```yaml\n  RequestParameters:\n    - in: querystring\n      name: myquerystring\n      Required: true\n    - in: header\n      name: myheader\n      Required: true\n  ```\n<END>""]"
gemini-1.5-pro,case7-github.yaml,"['<START>\n- **Missing Queue Creation:** The template defines a queue named ""HelloWorld"" in the Lambda trigger configuration but doesn\'t create the queue on the broker. You need to add a resource to create the queue.\n- **Incorrect Secret Usage in `SourceAccessConfigurations`:** The `URI` field under `SourceAccessConfigurations` should point to the broker\'s endpoint, not the secret itself. The correct usage is to reference the broker\'s endpoint and use the secret for authentication when connecting to the broker.\n- **Publicly Accessible Broker:** Setting `PubliclyAccessible` to `true` exposes the broker to the public internet, posing a significant security risk. It\'s highly recommended to keep this set to `false` and explore secure access methods like VPC peering or VPN. \n<END>']"
gemini-1.5-pro,case2-github.yaml,"[""<START>\n- **Inconsistent Runtime for Lambda Functions:** The `StockSellerFunction` uses `nodejs16.x`, while `StockCheckerFunction` and `StockBuyerFunction` use `nodejs18.x`. It's best to maintain consistency in runtime versions for easier management and potential compatibility issues.\n<END>""]"
gemini-1.5-pro,case5-github.yaml,['<START>\nThere are no configuration errors in the provided SAM template. \n<END>']
gemini-1.5-pro,case9-github.yaml,"['<START>\n- **CacheClusterEnabled should be true:** You have `CacheClusterEnabled: false` but also set `CacheClusterSize: ""0.5""`.  To use a cache cluster, `CacheClusterEnabled` must be true.\n- **x-amazon-apigateway-binary-media-types is overly permissive:**  Using `*/*` in your `x-amazon-apigateway-binary-media-types`  means API Gateway will treat *all* content as binary. This is likely too broad and can lead to unexpected behavior. \n<END>']"
gemini-1.5-pro,case3-github.yaml,['<START>\nThere are no configuration errors in the provided code. \n<END>']
gemini-1.5-pro,case6-github.yaml,"[""<START>\nThere is one configuration error:\n\n* **FunctionResponseTypes are not supported for SQS event sources in AWS Serverless Function definitions.**  While you can use `ReportBatchItemFailures` with SQS, it's configured differently. You need to set up a dead-letter queue on your SQS queue to handle failed message processing.\n<END>""]"
gemini-1.5-pro,case19-github.yaml,"['<START>\n1. **Incorrect Subtitution for CognitoStack Output:**\n   - You are using `Fn::Sub` with `Fn::ImportValue`, which is redundant. `Fn::ImportValue` already expects a string and can resolve references within it.\n   - **Fix:** Change `Fn::Sub: ""${CognitoStack}-ProviderURL""` to just `""$\\{CognitoStack}-ProviderURL""`\n\n2. **Case Sensitivity in Path:**\n   - You have two `HttpApi` events (`ApiCall` and `ApiCall2`) with paths differing only in case: `/AnonymousSmsSendPageUrl/...` and `/anonymousSmsSendPageUrl/...`\n   - API Gateway paths are case-sensitive. This will create two separate routes.\n   - **Fix:** Choose one casing and use it consistently.\n\n3. **Potentially Missing Permissions:**\n   - The function `GetAnonymousSmsSendPageUrl` likely needs to interact with other AWS services (e.g., DynamoDB, S3, etc.) to construct the URL.\n   - The template doesn\'t define any IAM permissions for this function.\n   - **Fix:** Add an `Policies` section within the `GetAnonymousSmsSendPageUrl` resource and specify the necessary IAM policies or roles.\n\n4. **Hardcoded API Key for Datadog:**\n   - **Security Risk:** Never hardcode sensitive information like API keys directly in your infrastructure-as-code templates.\n   - **Fix:**\n     1. Store the Datadog API key in AWS Secrets Manager.\n     2. Fetch the key securely at deployment time using the `AWS::SecretsManager::SecretTargetAttachment` resource or by retrieving it within your Lambda function\'s code.\n\n5. **Domain Name Consistency:**\n   - In `ApiDomainCert`, you use `aff-api-${Application}.aws-opg-dev01.xxxxx.com` for the `isLocalDev` condition, while in `HttpApiGW.Domain` you use `aff-api-${Application}.aws-opg-dev01.xxxx.com` (one less \'x\').\n   - **Fix:** Ensure the domain names match exactly in both places.\n\n6. **Unclear Purpose of `client` Header:**\n   - You allow the `client` header in CORS, but its usage is not defined. If it\'s not a standard header or used by your application, consider removing']"
gemini-1.5-pro,case15-github.yaml,"['<START>\nThere is one configuration error:\n\n* **Incorrect use of single and double quotes in `GatewayResponses`:** You should use single quotes for the entire string value of the header, and escaped double quotes within the string to define the actual header value.\n\nHere\'s how to fix it:\n\n```yaml\n      GatewayResponses:\n        DEFAULT_4XX:\n          ResponseParameters:\n            Headers:\n              Access-Control-Expose-Headers: ""\'WWW-Authenticate\'"" \n              Access-Control-Allow-Origin: ""\'*\'"" \n```\n<END>']"
gemini-1.5-pro,case16-github.yaml,"['<START>\nThere is a misconfiguration in your provided CloudFormation template. The `ApplicationInsightsMonitoring` resource expects the `ResourceGroupName` property to be a string, but you are providing a reference (`Ref: ApplicationResourceGroup`) which resolves to an object. \n\nTo fix this, you should use `Fn::GetAtt` to retrieve the name of the resource group:\n\n```yaml\n      ResourceGroupName: \n        !GetAtt ApplicationResourceGroup.Name\n```\n<END>']"
gemini-1.5-pro,case13-github.yaml,"[""<START>\nThere is one configuration error:\n\n1.  **Incorrect Access Log Format:** The `Format` property in `AccessLogSetting` should use a predefined variable like `$context.requestId` or a JSON string for custom formats. In the given code, it's missing quotes around `$context.requestId`, making it an invalid format.\n<END>""]"
gemini-1.5-pro,case14-github.yaml,["<START>\nThere is one configuration error:\n\n* **Missing KeyId:** The `MyUsagePlanKey` resource is missing the `KeyId` property value. It should reference the `MyFirstApiKey` resource's ID. \n<END>"]
gemini-1.5-pro,case11-github.yaml,['<START>\nThere are no configuration errors in the provided code. \n<END>']
gemini-1.5-pro,case18-github.yaml,"[""<START>\n- **Missing `SourceVersion` in `AWS::CodeBuild::Project`**: The `SourceVersion` property is required when using the `GITHUB` source type and `HEAD_REF` filter in the trigger. You need to specify which branch or tag to build from.\n- **Incorrect `Resource` for CloudFormation Actions in `BuilderIAMRole`**: The `Resource` for CloudFormation actions should specify the specific CloudFormation stacks this role is allowed to manage, rather than `*`. \n- **Overly Permissive IAM Policies**: Granting `*` (all resources) access for Lambda and CloudFormation actions is a security risk. It's best practice to restrict access to only the specific resources needed.\n- **Missing `RunOrder` in `AWS::CodeBuild::Project.Triggers.FilterGroups`**: When using multiple filter groups, you need to specify the `RunOrder` to define the evaluation order of the filter groups.\n- **Potentially Missing Permissions for GitHub Webhooks**: For the CodeBuild webhook to function, you'll need to configure a webhook in your GitHub repository settings that points to the CodeBuild project. Additionally, the CodeBuild service role might need permissions to access GitHub depending on your setup.\n<END>""]"
gemini-1.5-pro,case20-github.yaml,"['<START>\nThe provided code snippet has one main configuration error:\n\n1. **Incorrect FilterCriteria Syntax:** The `FilterCriteria` section within the `Kinesis` event source mapping is not correctly defined. The `Pattern` field should use a valid syntax for filtering Kinesis records.  AWS Lambda supports either Apache Parquet Column or SQL-like expressions for filtering Kinesis streams.\n\n    * **Parquet Column Filtering:** This approach requires your Kinesis data to be in Parquet format. You would specify the column and the value to filter on.\n    * **SQL-like Expressions:** This method allows you to define conditions on the data within your Kinesis records.\n\n    The provided pattern `{\\""body\\"" : {\\""a\\"": [1, 2]}}` does not adhere to either of these formats. \n\n<END>']"
gemini-1.5-pro,case12-github.yaml,"[""<START>\nThe provided code snippet has a couple of configuration errors:\n\n1. **Missing `Handler` property in `IamAuthorizerFunction` and `TestFunction`**: Both function definitions are missing the `Handler` property within `Properties`. The `Handler` property specifies the entry point for the Lambda function.\n\n2. **Incorrect `Type` for `APIRequest` event in `TestFunction`**: The `Type` for the `APIRequest` event should be `Api`, not `api`.\n\n3. **Potentially missing `Policies` in `IamAuthorizerFunction`**: The `IamAuthorizerFunction` likely needs permissions (defined via `Policies`) to access and validate the user's IAM identity. \n<END>""]"
gemini-1.5-pro,case17-github.yaml,"['<START>\nThere is a misconfiguration in your provided CloudFormation template:\n\n1. **Incorrect `CodeUri` format for Serverless::Function**: The `CodeUri` property within a `AWS::Serverless::Function` resource expects a path relative to the uploaded CloudFormation template when using the Serverless Application Model (SAM). You are using an S3 bucket path, which is not directly supported in this context.\n\n   To deploy a function from an S3 bucket using SAM, you typically:\n     * **Package your code:** Create a ZIP archive containing your function\'s code and dependencies.\n     * **Upload to S3:** Upload the ZIP archive to your S3 bucket.\n     * **Reference in SAM template:**  In your SAM template, use the `CodeUri` to point to the S3 location of your uploaded ZIP file. \n\n   **Example (assuming your ZIP is named `helloworld.app.zip`):**\n\n   ```yaml\n   Resources:\n     LambdaHandler:\n       Type: AWS::Serverless::Function\n       Properties:\n         FunctionName: !Sub ""foo-${Env}-LambdaHandler""\n         CodeUri: s3://deployment-bucket-${Env}-name-123/helloworld.app.zip \n         Handler: com.example.LambdaHandler::handleRequest \n   ```\n\n   **Important:** You\'ll need to package and upload your code to S3 as part of your deployment process. The AWS SAM CLI (`sam deploy`) or AWS CDK can automate this for you.\n<END>']"
gemini-1.5-pro,case22-github.yaml,"['<START>\n\n1. **Incorrect DomainName Property in HostedZone Resource:** The `Name` property in the `DNS` resource (of type `AWS::Route53::HostedZone`) should not be set to the domain name itself. Instead, it should be a unique name for your hosted zone. \n\n2. **BasePath Mismatch:** You have defined a `BasePathMapping` with `BasePath` as ""basepath"" but in the `MyApi` resource, you have specified `BasePath` as `""/get""` under the `Domain` property. This will lead to a mismatch.\n\n3. **Missing Path in Domain Configuration:** While you have a base path defined, the `Domain` configuration in your `MyApi` resource lacks a specific path for the API Gateway to map to. This is where you would typically specify something like `""/""` or `""/{proxy+}""` to handle different request paths.\n\n4. **Unnecessary `IpV6` Property:** The `IpV6` property within the `Route53` configuration of your `MyApi` resource is unnecessary. API Gateway custom domains automatically handle both IPv4 and IPv6 traffic.\n\n<END>']"
gemini-1.5-pro,case27-github-error.yaml,['<START>\nThe provided AWS SAM template has no configuration errors. \n<END>']
gemini-1.5-pro,case24-github.yaml,"['<START>\n- **Incorrect Parameter Type:** The `MyParameter` parameter is defined with type `String`, but it\'s used as the `OpenApiVersion` property for the API, which expects a string like `""3.0.0""`.  The parameter should either be a `String` with a default value of `""3.0.0""` or a different type like `Number`.\n- **Missing Api Configuration:** The `ApiEvent` configuration for `MyFunction` is missing the `Path` property, which is required to define the API Gateway resource and method that the function should handle. \n<END>']"
gemini-1.5-pro,case21-github.yaml,"['<START>\n- **Missing Resource for Security Group:** The template references a `SecurityGroupId` parameter but doesn\'t define or retrieve a security group resource. You need to either create a security group within the template or pass the ID of an existing one.\n- **Missing Resource for Subnet:** Similar to the security group, the template uses a `SubnetId` parameter without defining or fetching a subnet resource. You must either create a subnet or provide the ID of an existing one.\n- **Incorrect Reference to Stage:** In the `CustomDomainMapping` resource, you\'re trying to reference the API stage using `!Ref MyRestApi.Stage`. This is incorrect. You should use `!GetAtt MyRestApi.Stage` to get the stage name.\n- **Potentially Problematic `VPCAccessPolicy`:** The `VPCAccessPolicy` in several functions is empty (`{}`). This grants very broad access to your VPC. Unless you intend to allow all VPC resources, you should specify more restrictive rules.\n- **Hardcoded File System ID:** The `FileSystemId` parameter has a default value (`fs-03c7b62b6598c3dc3`). While this might be suitable for testing, hardcoding it is generally not recommended. Consider using a parameter or dynamically retrieving the ID if needed.\n- **Unclear Usage of `Ref::` in Command:** In the `PostNewDatasetBatchJobDefinition`, the `Command` section uses `""Ref::h5ad_file_location""`, `""Ref::dataset_type""`, and `""Ref::dataset_name""`. These are not valid CloudFormation references. You need to clarify how these values should be passed to the container, likely using environment variables or a different mechanism.\n- **Potentially Missing Ingress Rules:** Because the API Gateway is private (`EndpointConfiguration: Type: PRIVATE`), you\'ll need to ensure that your VPC has appropriate ingress rules allowing traffic from the VPC endpoint (`VPCEndpointId`) to the API Gateway.\n<END>']"
gemini-1.5-pro,case29-github-error.yaml,['<START>\nThere are no configuration errors in the provided code. \n<END>']
gemini-1.5-pro,case30-github-error.yaml,"[""<START>\nThere is a misconfiguration in the provided code:\n\n1. **Missing `DynamoDBCrudPolicy` Actions:** The `DynamoDBCrudPolicy` only specifies the table name but lacks the specific DynamoDB actions (like `dynamodb:GetItem`, `dynamodb:PutItem`, etc.) that the function is allowed to perform. \n\n   This is a problem because without explicit action permissions, the function won't be able to interact with the DynamoDB table, leading to errors.\n<END>""]"
gemini-1.5-pro,case26-github.yaml,"[""<START>\nThere is a misconfiguration in the `TestUsagePlanKey` resource. The `DependsOn` property should reference the `TestApiKey` resource, not the `TestUsagePlan`. This is because the `UsagePlanKey` resource needs the `ApiKey` to exist before it can be created. \n\nHere's the corrected section:\n\n```yaml\n  TestUsagePlanKey:\n    Type: AWS::ApiGateway::UsagePlanKey\n    DependsOn: TestApiKey # Corrected dependency\n    Properties:\n      KeyId: !Ref TestApiKey\n      KeyType: API_KEY\n      UsagePlanId: !Ref TestUsagePlan\n```\n<END>""]"
gemini-1.5-pro,case28-github-error.yaml,"['<START>\n1. **BuildMethod Mismatch:** The `CommonDependenciesLayer` specifies `nodejs14.x` for `BuildMethod` while aiming for compatibility with both `nodejs14.x` and `nodejs16.x`. This can lead to inconsistencies if dependencies have different behaviors or requirements between these Node.js versions. \n2. **Missing MemorySize & Timeout:** While not a strict error, it\'s best practice to define `MemorySize` and `Timeout` for your `HelloWorldFunction` to prevent unexpected behavior due to default resource allocations.\n3. **Layer Versioning:** The layer name \'dev-common-dependencies-layer\' is static. Consider incorporating a version number or timestamp to ensure new deployments of the layer are picked up by functions.\n4. **Environment Specificity:** The layer description mentions ""dev env.""  For a production setup, you\'d typically have separate layers to avoid unintentional deployments of development dependencies in production. \n<END>']"
gemini-1.5-pro,case23-github.yaml,"['<START>\nThe provided configuration has one misconfiguration:\n\n1. **Incorrect Property:** The `RestApiId` property is not supported in AWS::Serverless::Api. The `AWS::ApiGateway::GatewayResponse` resource should be connected to the `AWS::Serverless::Api` using the `RestApiId` property of the `AWS::ApiGateway::GatewayResponse` resource. To get the RestApiId, use `Fn::Ref` on the `MyApi` resource.\n\n<END>']"
gemini-1.5-pro,case25-github.yaml,['<START>\nThere are no configuration errors in the provided code. \n<END>']
gemini-1.5-pro,case40-github-error.yaml,['<START>\nThere are no configuration errors in the provided code snippet. \n<END>']
gemini-1.5-pro,case38-github-error.yaml,['<START>\n1. **Inconsistent Runtime for GetUserFunction and ValidateTokenFunction:** You\'ve defined `Runtime: nodejs18.x` for `GetUserFunction` and `Runtime: nodejs10.x` for `ValidateTokenFunction`. It\'s generally recommended to use the same Node.js runtime across your Lambda functions for consistency and to avoid potential compatibility issues.\n\n2. **Missing Table Definition:** The code references a DynamoDB table named "UsersTable" but the CloudFormation template doesn\'t define this table. You need to add a `AWS::DynamoDB::Table` resource to create the table. \n<END>']
gemini-1.5-pro,case39-github-error.yaml,"['<START>\n- **Missing `StatementId` in `ImageBucketPermission`:** The `AWS::Permission` resource requires a unique `StatementId` property. \n- **Incorrect `SourceArn` format in `ImageBucketPermission`:** The `SourceArn` should specify the ARN of the S3 bucket, not just the bucket name. The correct format is `arn:aws:s3:::bucket-name`.\n<END>']"
gemini-1.5-pro,case35-github-error.yaml,"[""<START>\n- **Runtime Mismatch:** The specified runtime `python2.0` is incorrect. AWS Lambda does not support a runtime named 'python2.0'.  You should use `python3.7`, `python3.8`, `python3.9`, or a similar supported Python 3 runtime. \n- **Potentially Missing Usage Plan Configuration:** While not a direct error, the `Auth` configuration might be incomplete. Defining `CreateUsagePlan: PER_API` only indicates the intention to create a usage plan. You likely need additional configurations to define throttling limits, API keys, and associate the usage plan with the API stage.\n<END>""]"
gemini-1.5-pro,case34-github-error.yaml,"['<START>\n*   **Conflicting Path and Resource:** The API Gateway resource is defined under the path `/my-resource`, but the Lambda function event is configured for the path `/newlocation`. These paths need to be aligned for the integration to work correctly.\n*   **HTTP Method Mismatch:** The API Gateway resource defines a `GET` method for `/my-resource`, but the integration is configured for `POST`. The `httpMethod` in the integration should match the method defined in the resource. \n*   **Incorrect Event Type:** The Lambda function uses the `Api` event type, which is deprecated. For integrating with API Gateway, you should use `HttpApi` for REST APIs.\n*   **Redundant Integration Definition:** The integration is defined both within the `x-amazon-apigateway-integration` property and the `Events` section of the Lambda function. This redundancy can lead to confusion and potential conflicts. You should define the integration in one place, preferably within the API Gateway resource definition for better organization.\n<END>']"
gemini-1.5-pro,case31-github-error.yaml,['<START>\n1. **Missing Permissions for API Gateway to Invoke Lambda:** The `MyHttpApiRole` is missing permissions to invoke the `ShippingRatesLambda` function. You need to add an inline policy to the role that grants `lambda:InvokeFunction` permission on the Lambda function.\n\n2. **Incorrect Access Log Format:** The `AccessLogSettings.Format` value should be a valid JSON string representing the desired log format. Using just `"$context.requestId"` is not a valid JSON format. You can use a format string like `"{ \\"requestId\\": \\"$context.requestId\\" }"`.\n<END>']
gemini-1.5-pro,case37-github-error.yaml,"[""<START>\nThe provided configuration has the following errors:\n\n1. **Missing `MyApi` definition:** The `RestApiId` property under `HelloGfmiApi` references a resource named `MyApi`, but there's no resource with that name defined within the provided CloudFormation template. \n2. **Incomplete `CognitoAuthorizer` definition:** The `Auth` section uses `CognitoAuthorizer`, but it lacks the necessary configuration details for a Cognito User Pool Authorizer. You need to specify properties like `UserPoolArn`, `IdentitySource`, and potentially others depending on your authorization setup.\n\n<END>""]"
gemini-1.5-pro,case32-github-error.yaml,"[""<START>\nThere is one configuration error:\n\n1. **Incorrect Parameter Name:** The `hello-world` application from the Serverless Application Repository likely expects a parameter named `HelloWorldApiName`, not `IdentityNameParameter`.  You should consult the application's documentation to confirm the correct parameter name. \n<END>""]"
gemini-1.5-pro,case36-github-error.yaml,['<START>\nThere is one configuration error:\n\n1. **Incorrect Property:** The `LatestVersionErrorMetricGreaterThanZeroAlarm` alarm definition incorrectly includes a `Handler` property.  CloudWatch alarms do not have a `Handler` property. This should be removed. \n<END>']
gemini-1.5-pro,case33-github-error.yaml,"['<START>\nThere is one configuration error:\n\n1. **Type Mismatch for VPCEndpointIds:** The `VPCEndpointIds` property under `EndpointConfiguration` expects a list of strings. However, you are using `!Ref VPCE` which, based on the parameter definition, will resolve to a ""StringNumber"" type.  AWS expects the VPC Endpoint ID, which is a string.\n\n<END>']"
gemini-1.5-pro,case45-github-error.yaml,['<START>\nThere are no configuration errors in the provided CloudFormation template. \n<END>']
gemini-1.5-pro,case41-github-error.yaml,"[""<START>\n* **Runtime Misconfiguration:** The `Runtime` property is incorrectly set to `1024`.  AWS Lambda supports specific runtime identifiers, not numerical values. You'll need to use a valid runtime like `python3.8`, `nodejs14.x`, etc. \n\n* **Policies Structure:** The way you're defining the `Policies` section is incorrect for AWS SAM. While you can use managed policies, you need to reference them by their ARN. Directly embedding a policy document like `S3CrudPolicy` isn't the standard approach.\n\n<END>""]"
gemini-1.5-pro,case44-github-error.yaml,"['<START>\nThere is one configuration error:\n\n1. **Circular Dependency:** `HelloWorldFunction` depends on `RestAPIGateway` through its `ApiEvent` configuration, and `RestAPIGateway` implicitly depends on `HelloWorldFunction` because it defines an API endpoint that needs a function to handle requests. This creates a circular dependency that will cause deployment issues.\n<END>']"
gemini-1.5-pro,case42-github-error.yaml,"[""<START>\n- **Missing User Pool Definition:** The template references `MyCognitoUserPool` for both the client and the authorizer, but the user pool itself is not defined within the provided template. You need to create the Cognito User Pool resource.\n- **Potentially Missing Scopes:**  While not a strict error, the `CognitoAuthorizer` doesn't specify any OAuth scopes. This means any user authenticated against the pool can access the API. You'll likely want to define scopes and require them on your `/token` route for more granular control. \n<END>""]"
gemini-1.5-pro,case47-github-error.yaml,"['<START>\n- `Policies` should be defined within a dedicated `Policies` section at the top level of the `Resources` block, not within the `ProcessBlobFunction` properties.\n- `AmazonRekognitionFullAccess` is not a valid policy definition. You should use the `AWS::IAM::ManagedPolicy` resource type to reference managed policies.\n- The `BlobsBucket` event should be defined within an `Events` section at the top level of the `Resources` block, not within the `ProcessBlobFunction` properties.\n- The `BlobsBucket` resource is referenced but not defined in the template. You need to add a resource definition for the S3 bucket. \n<END>']"
gemini-1.5-pro,case43-github-error.yaml,['<START>\nThere are no configuration errors in the provided code snippet. \n<END>']
gemini-1.5-pro,case46-github-error.yaml,['<START>\nThe provided AWS SAM template has an error in the `HelloWorldFunction` resource:\n\n* **Invalid Architecture:** The `Architectures` property specifies "fake" which is not a valid architecture for AWS Lambda. Valid architectures include `x86_64` and `arm64`.\n<END>']
gemini-1.5-pro,case52-github-error.yaml,"['<START>\n- **Runtime `python1.8` is invalid.**  Valid Python runtimes in AWS Lambda follow the format `python3.x`.\n- **`HelloWorld` event should be nested within an `Api` event.** The `Events` property should contain an `Api` event, and within that, you define individual HTTP endpoints like `HelloWorld`.\n- **Missing `AuthorizationType` under `HelloWorld.Properties`**. When `ApiKeyRequired` is set to true for the API, you must specify an authorization type for each method.\n</END> \n']"
gemini-1.5-pro,case51-github-error.yaml,"[""<START>\nThe provided configuration has the following errors:\n\n1. **Missing `Code` property:** The `AWS::Serverless::Function` resource requires a `Code` property that specifies the location of the function's code. This could be an S3 bucket location or directly inline.\n\n2. **Incorrect `RestApiId` reference:**  You're trying to reference `MyApi` with `!Ref`, but there's no `AWS::Serverless::Api` resource defined with that name in the provided snippet. If you intend to use an existing API Gateway instance, you'd need to fetch its ID using something like `!GetAtt` on the appropriate resource. \n<END>""]"
gemini-1.5-pro,case48-github-error.yaml,['<START>\nThere is one configuration error:\n\n1. **Incorrect Event Type:** The event type for integrating a Lambda function with a Serverless::HttpApi should be `HttpApi` not `HttpProxyEvent`. \n<END>']
gemini-1.5-pro,case50-github-error.yaml,['<START>\nThere are no configuration errors in the provided code snippet. \n<END>']
gemini-1.5-pro,case49-github-error.yaml,"[""<START>\n- **Incorrect Authorizer Configuration:** The `Auth` property within the `AWS::Serverless::Api` resource should be defined at the API method level (within `AWS::Serverless::Api > Properties > DefinitionBody > paths [/] > get > x-amazon-apigateway-integration`), not at the API Gateway level. \n- **Invalid Reference:** You are trying to use `!GetAtt MyFunction.Arn` within the `LambdaRequestAuthorizer`. `LambdaRequestAuthorizer` expects a direct ARN, not a reference retrieved using `!GetAtt`.\n- **Missing `DefinitionBody`:** The `AWS::Serverless::Api` resource is missing the `DefinitionBody` property, which is where you define the API Gateway specification (including paths, methods, and integrations).\n- **Potentially Missing `AWS::ApiGateway::Authorizer`:** If you intend to use a `LambdaRequestAuthorizer`, you'll likely need a separate `AWS::ApiGateway::Authorizer` resource to define the authorizer itself.\n<END>""]"
gemini-1.5-pro,TESTSelect3.yaml,['<START>\n- **Typo in Type:**  `AWS::ServerLess::LayerVersion` should be `AWS::Serverless::LayerVersion` (note the lowercase "less").\n- **Missing Required Property:** The `Environment` section within `SupplementalItemsFunction` needs a value for `PG_ENGINE_URL`. An empty string is not sufficient. \n<END>']
gemini-1.5-pro,TESTSelect2.yaml,"['<START>\nThe provided AWS CloudFormation template defines a Glue Trigger with the `CONDITIONAL` type, which requires a `Predicate` to be specified. However, the `Predicate` configuration is missing the `Logical` operator that should enclose the `Conditions`. \n<END>']"
gemini-1.5-pro,TESTSelect5.yaml,['<START>\nThere are no configuration errors in the provided code. \n<END>']
gemini-1.5-pro,TESTSelect9.yaml,"[""<START>\nThe provided configuration has the following errors:\n\n1. **Incorrect Property Name:** The property name for defining an EventBridge rule within a state machine's `Events` section should be `EventBus`. The current configuration incorrectly uses `EventBridgeRule`.\n\n2. **Missing `EventBusName`:** When defining an EventBridge rule, you must specify the `EventBusName` property to indicate which event bus the rule should be created on. \n\n3. **Pattern Location:** While not an error, it's best practice to place the `detail-type` filter within a `detail` field in the EventBridge pattern. \n<END>""]"
gemini-1.5-pro,TESTSelect8.yaml,['<START>\nThere is one configuration error:\n\n* **Incorrect Event Type:** The event type for S3 events should be `Api` instead of `S3`.\n\nHere\'s the corrected snippet:\n\n```yaml\n      Events:\n        S3VideoUploadEvent:\n          Type: Api # Corrected event type\n          Id: !Sub "mylambdafunction-${StageName}:videos.handlers.s3.handle_upload"\n          Properties:\n            Bucket: !Ref S3Bucket\n            Events: s3:ObjectCreated:*\n            Filter:\n              S3Key:\n                Rules:\n                  - Name: prefix\n                    Value: videos/\n```\n<END>']
gemini-1.5-pro,TESTSelect4.yaml,"['<START>\n*   **Incorrect Property Name:** In the `NestedApp1` resource, under the `Events` section, you have `NestedFunctionName`. This should be `Name`, as it defines the name of the event source mapping within the application.\n*   **Missing `Fn::GetAtt` for Application Output:**  Similar to the `NestedFunctionExample`, you need to use `!GetAtt` to retrieve the function name from the nested application\'s outputs. It should be `!GetAtt NestedApp1.Outputs.NestedFunctionName`.\n*   **Potentially Missing Application ID:** You have `<app id>` as a placeholder. Ensure you replace this with the actual application ID from your Serverless Application Repository.\n*   **Potentially Missing Template URL:** You have `<url>` as a placeholder for the nested stack\'s template. Make sure to replace this with the actual URL of your nested CloudFormation template. \n*   **Potentially Missing Exported Function Name:** You are using `!ImportValue ExportedFunctionName` but it\'s essential to ensure that ""ExportedFunctionName"" is the correct name used when the function\'s name was exported in the other CloudFormation stack.\n<END>']"
gemini-1.5-pro,TESTSelect7.yaml,['<START>\nThere are no configuration errors in the provided code. \n<END>']
gemini-1.5-pro,TESTSelect6.yaml,"['<START>\nThe provided AWS CloudFormation template defines a Lambda layer using `AWS::Lambda::LayerVersion`, but it has a potential issue:\n\n1. **Relative Path for `ContentUri`:** The `ContentUri` property uses a relative path (`../layer`). CloudFormation expects either an S3 URI, an AWS SAM policy template, or a local path that will be zipped and uploaded. Using `../layer` might lead to unexpected behavior as it depends on the deployment context. \n\n   - **Recommendation:** Use an absolute path or an S3 URI for `ContentUri` to ensure the layer content is correctly packaged and deployed.\n<END>']"
gemini-1.5-pro,TESTSelect10.yaml,"['<START>\nThe provided code defines a private API Gateway endpoint and associates it with a VPC endpoint. However, it attempts to use the `IpRangeWhitelist` access control mechanism within the `ResourcePolicy`. `IpRangeWhitelist` is incompatible with private APIs and VPC endpoints. For private APIs, access control should be managed at the network level using VPC security groups and network ACLs. \n<END>']"
gemini-1.5-pro,TESTSelect1.yaml,"[""<START>\nThe provided SAM template has one misconfiguration:\n\n1. **Incorrect Handler Name for 'TestWaitOnDependency' Function:** The `Handler` property for the `TestWaitOnDependency` function is incorrectly set to `hello-world`.  The handler name should follow the format `{filename}.{functionName}`, where:\n    - `{filename}` is the name of the Go file containing the handler function (without the `.go` extension).\n    - `{functionName}` is the name of the handler function within the Go file.\n\n    For example, if your handler function is named `HandleRequest` and is located in a file named `main.go`, the correct `Handler` value would be `main.HandleRequest`.\n<END>""]"
gemini-1.5-pro,TESTSelect12.yaml,['<START>\n- **Incorrect indentation:** The `security` block should be at the same indentation level as `Path` and `Method` within the `Properties` block of the `MyEvent` API definition. \n- **Case sensitivity:** `Api` under `Type` in the `MyEvent` block should be lowercase (`api`).\n- **Missing CodeUri or ImageUri:** The `XyZFunction` resource is missing either a `CodeUri` property (for specifying the location of the Lambda function code) or an `ImageUri` property (if using a container image for the function). \n<END>']
gemini-1.5-pro,TESTSelect13.yaml,"[""<START>\nThere are a few misconfigurations in the provided SAM template:\n\n1. **Incorrect Event Mapping for `CreateMemberShipCardFunction`:** You're using `ProxyApiRoot` for `CreateMemberShipCardFunction`, which maps to the API root (`/`). However, your intended path is `/comp/membershipcard`. You should use `Api` event type instead to specify the correct path.\n\n2. **Single Swagger File for Multiple APIs:** You are using the same `swagger.yml` file for both `ServiceStatusFunctionApi` and `CreateMemberShipCardFunctionApi`. This is not ideal as it can lead to conflicts and makes your API definitions less maintainable. It's better to have separate Swagger files for each API.\n\n3. **CORS Configuration Missing:** The provided template doesn't include any CORS configuration. If you need to allow cross-origin requests to your APIs, you'll need to add CORS headers in your Lambda functions or configure it at the API Gateway level in your Swagger file. \n<END>""]"
gemini-1.5-pro,TESTSelect18.yaml,"['<START>\nThere is a syntax error in the provided configuration. The `Variables` key should be directly under `Environment`, not indented further. \n<END>']"
gemini-1.5-pro,TESTSelect14.yaml,"['<START>\nThe provided code snippet defines an AWS SAM template, but it lacks a crucial component: the definition of ""MyAwesomeApi"" and ""ConfigHandlerLambdaFunction"". These resources are referenced in the ""DependsOn"" and ""FunctionName"" properties of the ""ConfigLambdaPermission"" resource, but their definitions are missing from the provided snippet. \n\nWithout the definitions of ""MyAwesomeApi"" (likely an API Gateway instance) and ""ConfigHandlerLambdaFunction"" (presumably a Lambda function), the template is incomplete and will result in deployment errors. \n<END>']"
gemini-1.5-pro,TESTSelect15.yaml,"[""<START>\nThe provided AWS SAM template has a few configuration errors:\n\n1. **Missing Handler:** The `Handler` property is missing from the `MySimpleFunction` resource. This property specifies the entry point for the Lambda function (e.g., `handler.my_function`).\n2. **CodeUri is missing:** The `CodeUri` property is missing from the `MySimpleFunction` resource. This property specifies the location of the function's code in S3 or a similar service. \n\nWithout these properties, the SAM template will fail to deploy.\n<END>""]"
gemini-1.5-pro,TESTSelect19.yaml,"[""<START>\n1. **Incorrect Handler Name:** In the `StartMicroservice` resource, the `Handler` property is set to `index.lambda_handler`. However, the inline code defines the handler function as `lambda_handler`. It should be `lambda_function.lambda_handler` to match the inline code.\n\n2. **Missing `FunctionName` for Inline Function:** The `StartMicroservice` resource defines an inline function but doesn't provide a `FunctionName`. Without a unique name, CloudFormation won't be able to deploy this function properly.\n\n3. **Potentially Incorrect Queue Name Logic:** The `CredentialDenicFifoQueueContainerized` resource uses a conditional name based on `EnvType`. While this might be intentional, it's unusual to have different queue names for different environments. Typically, you'd use the same queue name and manage environment separation through other means (e.g., different SQS message attributes).\n\n4. **Hardcoded Queue Name in Condition:** The queue name `tier_3_credential_id_530_containerized.fifo` within the `!If` condition seems hardcoded. It's generally better to parameterize such values for flexibility.\n\n5. **Missing Dependency on Queue:** The `StartMicroservice` function's event trigger (`Credential530Event`) references the `CredentialDenicFifoQueueContainerized` queue. However, there's no explicit dependency defined between the function and the queue. This might lead to deployment issues if the queue isn't created before the function tries to access it.\n\n6. **Global Import Without Specificity:** The import `!ImportValue global-get-request-data-from-dynamo` is used without specifying which stack it's importing from. While this might work if there's only one possible source for this value, it's best practice to be explicit and use a format like `!ImportValue <StackName>-global-get-request-data-from-dynamo` to avoid potential conflicts.\n\n7. **Potential for Cross-Environment Data Access:** The `CallDenicApi` function accesses resources in a VPC. If this VPC is shared across environments and the function interacts with environment-specific resources within the VPC (e.g., databases), there's a risk of accessing data from the wrong environment.\n\n8. **Missing Error Handling:** The state machine definition references several Lambda functions for different tasks""]"
gemini-1.5-pro,TESTSelect20.yaml,"[""<START>\n*   **Incorrect Condition Reference:** The condition `NeedsSomeBucket` is used within the `CreateMetaEvent` event configuration, but it should be `!Not [!Equals [ !Ref PreExistingBucket, 'no' ]]` or `!Equals [ !Ref PreExistingBucket, 'yes' ]` to align with the intended logic.\n*   **Missing Permission for Lambda to Access S3:** The Lambda function `BucketEventConsumer` needs permission to access the S3 bucket `SomeBucket`. This is missing in the provided configuration.\n<END>""]"
gemini-1.5-pro,TESTSelect16.yaml,"[""<START>\nThe provided AWS SAM template has one main configuration error:\n\n1. **Incorrect Transform Usage:** The `Fn::Transform` macro is being used within the `AWS::DynamoDB::Table` resource. DynamoDB table resources do not support SAM transforms. Transforms are typically used for serverless resources like `AWS::Serverless::Function`.\n\n   ```yaml\n   MyNewTable:\n       Type: AWS::DynamoDB::Table\n       Properties:\n         # ... other properties\n         Fn::Transform: TestMacro  <-- Incorrect usage of Transform \n   ```\n\n   To fix this, you would remove the `Fn::Transform` line entirely. If you need to modify the DynamoDB table creation based on some condition, you'd likely use CloudFormation conditions (`Conditions` and `Fn::If`) instead. \n<END>""]"
gemini-1.5-pro,TESTSelect17.yaml,"['<START>\n- **Missing EventBridgeRule Properties:** The `EventBridgeRule` trigger is missing essential properties like `EventBusName` to specify the event bus and `Detail` to filter specific state changes. \n- **Image URI Format:** While not a strict error, the `ImageUri` should follow the format:  `ACCOUNT_ID.dkr.ecr.REGION.amazonaws.com/REPOSITORY_NAME:TAG`.  Using a numerical ID directly might lead to issues.\n- **Function Name in Command:** The `ImageConfig` `Command` should likely reference the function\'s handler function within your code, not ""blast-db-updater.lambda_handler"" literally. \n<END>']"
gemini-1.5-pro,TESTSelect11.yaml,"[""<START>\n*   **Incorrect Dependency Reference:** The `ServerlessServiceDefaultUsagePlan` resource has a `DependsOn` property set to `ServerlessServicetestStage`. This seems incorrect as there's no resource with that name. It should likely depend on the deployment of the API Gateway stage, which would typically be named something like `ServerlessServiceDeployment`.\n*   **Missing API Key Integration:** The provided configuration sets up a usage plan (`ServerlessServiceDefaultUsagePlan`) but doesn't define any API keys or associate them with the usage plan. Without API keys, the usage plan won't be enforced.\n*   **Potentially Incorrect Swagger Integration:** The `DefinitionBody` of the `ServerlessService` uses `AWS::Include` to reference a Swagger file in S3. While this is possible, it's crucial to ensure that the Swagger file (`swagger.yml`) correctly defines the `/path/with/{params}` path and its integration with the `ServerlessServiceFunction` Lambda function. Misconfigurations in the Swagger file can lead to routing errors. \n*   **Missing Stage Deployment:** The API Gateway configuration doesn't explicitly define a deployment for the `test` stage. While API Gateway might create a default deployment, it's best practice to explicitly define deployments to have better control over the API lifecycle.\n<END>""]"
gemini-1.5-pro,TESTSelect28.yaml,['<START>\nThere are no configuration errors in the provided code snippet. \n<END>']
gemini-1.5-pro,TESTSelect24.yaml,['<START>\nThere is no configuration error in the provided code. \n<END>']
gemini-1.5-pro,TESTSelect25.yaml,['<START>\nThe provided AWS Serverless SAM template has the following errors:\n\n1. **Missing Runtime:** The `Runtime` property is mandatory for `AWS::Serverless::Function` and is missing in the provided configuration. The `Runtime` property specifies the execution environment for the function.\n2. **Missing Handler:** The `Handler` property is mandatory for `AWS::Serverless::Function` and is missing in the provided configuration. The `Handler` property specifies the entry point of your code. \n\nThese missing properties will prevent the deployment of the serverless function.\n<END>']
gemini-1.5-pro,TESTSelect29.yaml,"['<START>\nThe provided CloudFormation template defines an AWS Lambda function triggered by an EventBridge scheduled event. However, there are configuration errors:\n\n1. **Incorrect Event Type:** The `Type` under `Events` should be `CloudWatchEvent`, not `Schedule`.\n2. **Missing EventBusName Property:** The `EventBusName` property is not required for `CloudWatchEvent` type and should be removed.\n3. **Policies:** `AWSLambdaExecute` is not a valid policy. You need to define an IAM role and policy with necessary permissions for your Lambda function.\n\n<END>']"
gemini-1.5-pro,TESTSelect22.yaml,['<START>\nThere are no configuration errors in the provided code snippet. \n<END>']
gemini-1.5-pro,TESTSelect23.yaml,"[""<START>\nThe provided configuration has the following errors:\n\n1. **Conflicting Resource Policy Statements:** The `ResourcePolicy` in `PrivateApiResource` has two statements: one allows everyone (`Principal: '*'`) to invoke the API, and the other denies everyone. This creates a conflict, and the deny statement will likely take precedence, making the API inaccessible.\n2. **Missing VPC Configuration for Lambda Function:** The `SayHelloPrivately` function is associated with a private API Gateway endpoint, meaning it needs to be within the same VPC to access it. However, the function definition lacks any VPC configuration (e.g., `VpcConfig` property with `SubnetIds` and `SecurityGroupIds`).\n\n<END>""]"
gemini-1.5-pro,TESTSelect21.yaml,"['<START>\nThere is one configuration error:\n\n* **Version is not a supported property for AWS::Serverless::Function**: The `Version` property is not a valid configuration option for the `AWS::Serverless::Function` resource. Versioning in Lambda functions is handled through publishing and aliases, not directly within the CloudFormation template. \n\n<END>']"
gemini-1.5-pro,TESTSelect30.yaml,"[""<START>\n* **DomainEndpointConfiguration: EDGE**: Custom domain names with edge-optimized API endpoints are deprecated. You should use regional endpoints for new APIs. \n* **CacheClusterEnabled: false**: API Gateway caching is not supported for regional endpoints. Since you are using a custom domain name with a regional endpoint (`EndpointConfiguration: REGIONAL`), this configuration will cause a deployment error.\n* **Name: 'DEV'**: The `Name` property is deprecated. You should remove it from the configuration. \n* **MethodSettings**: The `MetricsEnabled: false` setting under `MethodSettings` will be ignored because you have disabled API Gateway caching. API Gateway metrics are only available when caching is enabled.\n* **MinimumCompressionSize: 10**: This configuration will be ignored because you have disabled API Gateway caching. Response compression is only applied when caching is enabled. \n<END>""]"
gemini-1.5-pro,TESTSelect26.yaml,['<START>\nThe provided configuration has an error in the `Events` section. The `EventBridgeRule` event type should have an `EventBusName` property specifying the event bus to which the rule should be added. \n<END>']
gemini-1.5-pro,TESTSelect27.yaml,['<START>\nThere are no configuration errors in the provided code snippet. \n<END>']
gemini-1.5-pro,TESTSelect32.yaml,['<START>\nThere are no configuration errors in the provided code snippet. \n<END>']
gemini-1.5-pro,TESTSelect33.yaml,"['<START>\nThe provided configuration has the following errors:\n\n1. **Incorrect Condition Reference in Events:** The `Condition` property within the `ExampleTopic` event should reference a condition defined in the `Conditions` section of the template. However, it\'s referencing the `EventsActive` condition, which itself uses the `!Equals` function incorrectly. The `!Equals` function expects two parameters to compare, but only one is provided.\n\n2. **Missing Properties in Function Event:** The `ExampleTopic` event of type `SNS` is missing required properties like `Topic` which specifies the ARN of the SNS topic to trigger the function. \n\n3. **Logical Error in Condition:**  The condition `EventsActive` is always evaluated to false. This is because `!Ref IsListening` will return either the string ""true"" or ""false"".  Comparing this string to the boolean value `true` using `!Equals` will always result in false.\n\nHere\'s how to fix these errors:\n\n```yaml\nTransform: AWS::Serverless-2016-10-31\nParameters:\n  IsListening:\n    AllowedValues: [""true"", ""false""]\n    Default: \'true\'\n    Type: String\n\nConditions:\n  EventsActive: !Equals \n    - !Ref IsListening\n    - \'true\'\n\nResources:\n  Function:\n    Type: AWS::Serverless::Function\n    Properties:\n      Events:\n        ExampleTopic:\n          Type: SNS\n          Condition: EventsActive\n          Properties:\n            Topic: !Ref YourSNSTopicArn  # Replace with your SNS Topic ARN\n```\n\n**Explanation of Changes:**\n\n1. **Corrected Condition Reference:** The `EventsActive` condition now correctly compares the value of the `IsListening` parameter with the string ""true"" using `!Equals`.\n2. **Added Missing Properties:** The `ExampleTopic` event now includes the `Properties` section with the `Topic` property, which should be replaced with the actual ARN of your SNS topic.\n3. **Fixed Logical Error in Condition:** The `EventsActive` condition now correctly compares the value of `IsListening` with ""true"" to determine if the events should be active.\n\n<END>']"
gemini-1.5-pro,TESTSelect34.yaml,['<START>\nThere are no configuration errors in the provided code. \n<END>']
gemini-1.5-pro,TESTSelect38.yaml,['<START>\nThere are no configuration errors in the provided code. \n<END>']
gemini-1.5-pro,TESTSelect39.yaml,['<START>\nThere are no apparent configuration errors in the provided AWS SAM template. \n<END>']
gemini-1.5-pro,TESTSelect35.yaml,"['<START>\n- **MyLayer/Properties/CompatibleArchitectures**: ""fake"" is not a valid architecture. Valid architectures are: arm64, x86_64.\n- **MyFunction/Properties/Architectures**: ""fake"" is not a valid architecture. Valid architectures are: arm64, x86_64.\n<END>']"
gemini-1.5-pro,TESTSelect36.yaml,"['<START>\nThe provided code has one misconfiguration:\n\n* **Missing `StateMachineType` property:** The `AWS::Serverless::StateMachine` resource is missing the required `StateMachineType` property. For Step Functions integrated with Lambda, this should be set to ""EXPRESS"".\n\n<END>']"
gemini-1.5-pro,TESTSelect40.yaml,"[""<START>\nThe provided AWS SAM template is missing a few essential properties:\n\n1. **MemorySize:** The `MemorySize` property is required and specifies the amount of memory in MB allocated to the function.\n2. **Timeout:** The `Timeout` property is required and specifies the maximum execution time (in seconds) for the function.\n3. **Policies:** While not strictly an error, it's highly recommended to define an IAM policy for your function using the `Policies` property. This ensures the function has the necessary permissions to interact with other AWS services. \n\nWithout these properties, the CloudFormation deployment will likely fail.\n<END>""]"
gemini-1.5-pro,TESTSelect37.yaml,"[""<START>\n- **Missing `BucketName` Reference:** The `BucketName` property under `S3FullAccessPolicy` references `!Ref BucketName`, but there's no `BucketName` parameter or resource defined in the provided configuration. You need to define a bucket and reference it correctly.\n- **Incorrect `RequestModel` Usage:** The `RequestModel` property within the `Api` event is likely misconfigured.  While it aims to define the request structure, using a custom model (`Score`) directly within `RequestModel` is not the typical approach. API Gateway expects a schema, potentially referencing a model defined elsewhere. \n- **Potentially Unnecessary Validations:**  Setting `ValidateBody`, `ValidateParameters`, `ValidateQueryString`, and `ValidateHeaders` all to `true` might be overly restrictive. Consider which validations are truly essential for your API.\n<END>""]"
gemini-1.5-pro,TESTSelect31.yaml,"[""<START>\n1. **Missing RestApiId in Api Event:** The `CompanyDetails` API event definition is missing the `RestApiId` property. Without it, API Gateway won't know which API to associate this resource and method with.\n\n2. **Incorrect Output Value:** The output `EAPApi` is trying to use `ServerlessRestApi` which is not a valid CloudFormation reference. It should be referencing the generated API Gateway resource. \n\n3. **Potentially Missing API Gateway Deployment:** The template doesn't explicitly define an `AWS::ApiGateway::Deployment` resource. While CloudFormation might handle this implicitly, it's best practice to define it for clarity and control over stages.\n<END>""]"
gemini-1.5-pro,TESTSelect45.yaml,['<START>\nThere are no apparent configuration errors in the provided SAM template snippet. \n<END>']
gemini-1.5-pro,TESTSelect49.yaml,['<START>\nNo configuration errors detected. \n<END>']
gemini-1.5-pro,TESTSelect48.yaml,['<START>\nThe provided configuration is missing a value for the `SemanticVersion` property under `Location`. You need to specify a valid semantic version for the `hello-world` application from the Serverless Application Repository. \n<END>']
gemini-1.5-pro,TESTSelect44.yaml,['<START>\nThere are no configuration errors in the provided code snippet. \n<END>']
gemini-1.5-pro,TESTSelect43.yaml,"['<START>\nThe provided SAM template defines an AWS::Serverless::Function resource named ""ECSCallFunction"" that aims to interact with AWS ECS. However, there\'s a misconfiguration in how it attempts to specify the ECS Task Definition:\n\n1. **Incorrect `Policies` Usage:** The `Policies` section within the `AWS::Serverless::Function` resource is meant for attaching IAM policies to the Lambda function\'s execution role. It\'s not designed to directly reference or configure ECS Task Definitions.\n\n2. **Task Definition ARN Missing:** To run an ECS task, the Lambda function needs permission to call the ECS API and requires the specific ARN of the ECS Task Definition it should execute. \n\n<END>']"
gemini-1.5-pro,TESTSelect42.yaml,"['<START>\nThere is a configuration error in the provided code:\n\n1. **Incorrect Policy Specification:**  The `Policies` property should specify an object defining the policy, not just a string. The string ""SESBulkTemplatedCrudPolicy_v2"" seems to be a policy name, but it needs to be defined as an IAM policy document within the template or referenced from an existing policy. \n\nHere\'s how to fix it:\n\n   **a) Define the policy inline:**\n\n   ```yaml\n   Resources:\n     OnePolicyTemplate:\n       Type: AWS::Serverless::Function\n       Properties:\n         Handler: hello.handler\n         Runtime: python3.9\n         Policies: \n           - SESBulkTemplatedCrudPolicy:  # Give your policy a descriptive name\n             PolicyDocument:\n               # Add your policy statements here\n               Version: \'2012-10-17\'\n               Statement:\n                 - Effect: Allow\n                   Action: \n                     # List of SES actions\n                   Resource: ""*"" \n   ```\n\n   **b) Reference an existing managed or custom policy:**\n\n   ```yaml\n   Resources:\n     OnePolicyTemplate:\n       Type: AWS::Serverless::Function\n       Properties:\n         Handler: hello.handler\n         Runtime: python3.9\n         Policies: \n           - AWSManagedPolicyName: AmazonSESFullAccess # Example using a managed policy\n           - PolicyName: MyCustomSESPolicy  # Assuming ""MyCustomSESPolicy"" is defined elsewhere in the template\n   ```\n<END>']"
gemini-1.5-pro,TESTSelect41.yaml,['<START>\nThere are no configuration errors in the provided code. \n<END>']
gemini-1.5-pro,TESTSelect47.yaml,"['<START>\n- **Cors Configuration:** The `Cors` property should be an object or a boolean, not a string. You need to specify at least  `AllowOrigin`  within a configuration object. See: https://docs.aws.amazon.com/serverless-application-model/latest/developerguide/sam-resource-api.html#sam-api-corsconfiguration\n- **Missing Path Parameter:** The integration URI uses a substitution for `someFunction.Arn`, but there\'s no resource or reference named ""someFunction"" defined within the provided SAM template. You\'ll need to define this resource or reference it correctly.\n<END>']"
gemini-1.5-pro,TESTSelect46.yaml,['<START>\nThere are no configuration errors in the provided code snippet. \n<END>']
gemini-1.5-pro,TESTSelect50.yaml,"[""<START>\n1. **Missing Runtime:** The `Runtime` property is mandatory for AWS::Serverless::Function and defines the execution environment (e.g., java8.al2, java11.al2). \n2. **RestApiId Reference:** While not technically an error, directly referencing a RestApi by ID can be inflexible. It's generally better practice to either:\n    * **Implicitly Create:**  Omit `RestApiId`  API Gateway will automatically create one for your function.\n    * **Use Serverless Resources:** Define the `AWS::Serverless::Api` resource separately and reference its logical ID. This gives you more control over API Gateway configuration. \n3. **CodeUri Format:** Assuming this is a Java project, the `CodeUri` should point to a ZIP file containing your compiled code and dependencies, not directly to a JAR. \n<END>""]"
gemini-1.5-pro,TESTSelect53.yaml,"['<START>\n- The `CodeUri` property should use the `!Sub` function to substitute the value of `CreateProdResources`, not `!If`.\n- The `CodeUri` property is missing the filename.\n- The `CodeUri` property should use a consistent directory separator.\n- The `ContactIntegrationApi` resource is missing the `Events` property to define how the function is triggered.\n<END>']"
gemini-1.5-pro,TESTSelect52.yaml,"[""<START>\nThe provided code snippet has one misconfiguration:\n\n1. **Missing 'Handler' property:** The `AWS::Serverless::Function` resource requires a `Handler` property, which specifies the entry point for your function's code. \n\n2. **Potentially missing CodeUri property:**  While not strictly an error in this snippet, the `AWS::Serverless::Function` resource typically requires a `CodeUri` property. This property points to the location of your function's code. Its absence suggests a potential misconfiguration.\n<END>""]"
gemini-1.5-pro,TESTSelect55.yaml,"[""<START>\nThe provided CloudFormation template defines an API Gateway endpoint (`/count/references/{amid}/{type}`) that captures two path parameters, `amid` and `type`, but it doesn't define these parameters in the `openapi.yaml` file. The `openapi.yaml` file should include definitions for these path parameters within the corresponding path object. \n<END>""]"
gemini-1.5-pro,TESTSelect54.yaml,"['<START>\n*   `RestApiId` is referencing a non-existing resource. It should point to a valid API Gateway instance using `!Ref` or `!GetAtt`.\n*   The code defines a request model ""Account"" but doesn\'t provide its definition. You need to define the model schema for validation to work. \n<END>']"
gemini-1.5-pro,TESTSelect58.yaml,['<START>\nThere are no configuration errors in the provided code snippet. The Serverless Application Model (SAM) configuration appears to be correctly structured. \n<END>']
gemini-1.5-pro,TESTSelect57.yaml,['<START>\nThere are no apparent configuration errors in the provided AWS SAM template snippet. \n<END>']
gemini-1.5-pro,TESTSelect56.yaml,"[""<START>\nThere are no absolute configuration errors in the provided SAM template. However, there are potential improvements and points to consider:\n\n* **Redundant `WebUITrigger`:** The `WebUITrigger` already handles all paths under `/` with `{proxy+}`. The `WebUIIndexTrigger` is redundant as `/` is already covered. \n* **CORS Configuration:** For the web UI to interact with the API endpoints, you'll need to configure Cross-Origin Resource Sharing (CORS) on the `ExampleHttpApi`.\n* **Error Handling:** Consider adding error handling mechanisms to your functions (e.g., using API Gateway's error responses or custom logic within your function code).\n* **Function Naming:**  `HoWorldFunction` seems like a typo and should likely be `HelloWorldFunction`.\n\nWhile the template is deployable, addressing these points will lead to a more robust and production-ready application. \n<END>""]"
gemini-1.5-pro,TESTSelect51.yaml,"['<START>\n- **Incorrect `uri` format in `x-amazon-apigateway-integration`:** The `uri` should point to the Lambda function\'s invoke URL, not an external URL like ""https://www.alphavantage.co/"". It should follow the format: `arn:aws:apigateway:{region}:lambda:path/2015-03-31/functions/{function-arn}/invocations`.\n- **Missing `Method` in `SimpleCase` Event:** The `SimpleCase` event defines an HTTP API endpoint but doesn\'t specify an HTTP method (e.g., `get`, `post`). \n<END>']"
