Model,Configuration,Final_responses
gemini-1.5-pro,case8-github.yaml,"[""<START>\n\n**[Resource Type Errors]**\n\n* There are no Resource Type Errors.\n\n**[Configuration Entry Errors]**\n\n* **Properties.Events.TopicEvent.RedrivePolicy:**  The `RedrivePolicy` configuration doesn't exist within `TopicEvent`. It should be configured directly under the SQS queue resource.\n* **Properties.Events.TopicEvent.SqsSubscription:** The correct property name is `Subscription`, not `SqsSubscription`.\n\n**[Configuration Entry Value Errors]**\n\n* **Properties.Events.TopicEvent.Type:** The value should be `SNS`, not `sns`.\n\n**[Entry Dependency Errors]**\n\n* **Properties.Events.TopicEvent.RedrivePolicy.deadLetterTargetArn:** The resource `QueueSNSDlq` is referenced but not defined in the template.\n\n**[Value Dependency Errors]**\n\n* There are no Value Dependency Errors.\n\n<END>""]"
gemini-1.5-pro,case1-github.yaml,"['<START>\n\n## Resource Type Errors\n- None\n\n## Configuration Entry Errors\n- **Globals.Function.DeploymentPreference**: `Type` is a valid property for `DeploymentPreference`, but `AllAtOnce` is not a valid value. Valid values are `Linear` and `Canary`.\n- **Resources.DDBTable.Properties**: `Tags` should be a list of objects with `Key` and `Value` properties, not a list of dictionaries.\n- **Resources.MonolithicFunction.Events.ProxyApiGreedy**: `ANY` is not a valid value for `Method`. Valid values include specific HTTP methods like `GET`, `POST`, etc.\n\n## Configuration Entry Value Errors\n- None\n\n## Entry Dependency Errors\n- None\n\n## Value Dependency Errors\n- None\n\n<END>']"
gemini-1.5-pro,case10-github.yaml,"['<START>\n\n##  [Configuration Entry Value Errors]\n\n* **Resources.ApiGatewayApi.Properties.Cors**: The value of the `Cors` property should be a dictionary or an intrinsic function that returns a dictionary, not a string. For simple CORS configuration from a single origin, the dictionary structure should look like this:\n\n```yaml\nCors:\n  AllowMethods: ""\'GET,POST,OPTIONS\'""\n  AllowOrigin: ""\'https://www.example.com\'"" \n  AllowHeaders: ""\'Content-Type,X-Amz-Date,Authorization,X-Api-Key,X-Amz-Security-Token\'""\n```\n\n## [Entry Dependency Errors]\n\n* **Resources.LambdaFunction.Properties.Events.ProxyApiRoot.Properties.RestApiId**: While using `!Ref ApiGatewayApi` is correct for referencing the API Gateway, the `ProxyApiRoot` event type is not the appropriate choice here. The provided OpenAPI definition already defines the `/mypath` path and links it to the Lambda function. Using `ProxyApiRoot` would override this and route all paths to the function.  You should remove the entire `Events` block from the Lambda function since the API Gateway integration is already defined in the `DefinitionBody`.\n\n\n<END>']"
gemini-1.5-pro,case4-github.yaml,"['<START>\n\n## [Configuration Entry Errors]\n\n* **MyFunction/Events/MyEvent/Properties:** `RequestParameters` should be `RequestParameter` (missing last \'s\').\n\n## [Configuration Entry Value Errors]\n\n* **MyApi/Properties/Models/mybody/properties/myprop:** `type: string` is invalid. Model properties should define their API Gateway data type, like ""String"".  \n\n## [Entry Dependency Errors]\n\n* **MyFunction/Properties/Events/MyEvent/Properties/RequestModel/Model:** `mybody` should be `mybody+json` to indicate it\'s using the JSON schema format.\n\n<END>']"
gemini-1.5-pro,case7-github.yaml,['<START>\n\n##  [Configuration Entry Errors]\n\n* **Resources > HelloWorldFunction > Events > HelloWorld > Properties**: `URI`  is an invalid property for `SourceAccessConfigurations`. The correct property name is `Credentials`.\n\n## [Configuration Entry Value Errors]\n\n* **Resources > HelloWorldFunction > Events > HelloWorld > Properties > SourceAccessConfigurations**: The value of `Type` should be `BASIC_AUTH` (all uppercase) instead of `BASIC_AUTH`.\n\n<END>']
gemini-1.5-pro,case2-github.yaml,"[""<START>\n\n## Resource Type Errors\n- **EventBridgeConfiguration**: `EventBridgeConfiguration` is not a valid property under `AWS::S3::Bucket.NotificationConfiguration`. The correct property is `EventBridge`. \n\n## Configuration Entry Errors\n- **DDBPutItem**: The `DefinitionSubstitutions` property in `AWS::Serverless::StateMachine` expects valid State Machine Language parameters. `DDBPutItem` is not a standard parameter. It should be replaced with a meaningful name relevant to your state machine definition.\n- **DDBTable**: Similar to `DDBPutItem`, `DDBTable` is not a standard State Machine Language parameter and should be replaced.\n\n## Configuration Entry Value Errors\n- **Runtime**: The `StockSellerFunction` uses `nodejs16.x`, which might be outdated. Consider using `nodejs18.x` for consistency and potential performance improvements.\n\n## Entry Dependency Errors\n- **Policies**: The `LambdaInvokePolicy` and `DynamoDBWritePolicy` policies within the `StockTradingStateMachine` resource lack the `TableName` and `FunctionName` properties respectively. These properties are mandatory and should reference the correct resources:\n    -  For `LambdaInvokePolicy`, the `FunctionName` should reference the function's logical name (e.g., `!Ref StockCheckerFunction`).\n    -  For `DynamoDBWritePolicy`, the `TableName` should reference the table's logical name (e.g., `!Ref TransactionTable`).\n\n## Value Dependency Errors\n- **EventBridge Integration**: While the `UploadBucket` has `EventBridgeEnabled` set to `true`, the state machine's `Events` section defines an `EventBridgeRule` that listens for S3 events. This configuration might lead to the state machine triggering twice for each S3 event: once via the bucket's direct integration and once via the explicit rule. Consider removing the `EventBridgeRule` from the state machine if you want to rely solely on the bucket's built-in EventBridge integration.\n\n<END>""]"
gemini-1.5-pro,case5-github.yaml,"['<START>\n\n**[Configuration Entry Errors]**\n\n* **Function Resource > Properties > Events > SummarizeAI/SummarizeArticle/SummarizeTextRank/SummarizeParagraphs > Properties > Path:** The `/` prefix in the path is redundant and should be removed. For example, `Path: summarize_t5` instead of `Path: /summarize_t5`.\n\n**[Configuration Entry Value Errors]**\n\n* **Outputs > SummarizeAIApi/SummarizeArticleApi/SummarizeTextRankApi/SummarizeParagraphsApi > Description:** The description for these outputs incorrectly states ""Hello World function"". It should reflect the respective function names, e.g., ""API Gateway endpoint URL for Prod stage for SummarizeAI function"".\n\n<END>']"
gemini-1.5-pro,case9-github.yaml,"[""<START>\n\n##  [Configuration Entry Errors]\n\n* **Resources > RestApi > Properties > CacheClusterSize**: The `CacheClusterSize` property is only valid when `CacheClusterEnabled` is set to `true`.\n\n## [Configuration Entry Value Errors]\n\n* **Resources > RestApi > Properties > x-amazon-apigateway-binary-media-types**:  While `*/*` will technically work, it's overly broad and can lead to unexpected behavior. It's best to be specific about the binary media types you want to handle. \n\n## [Value Dependency Errors]\n\n* **Resources > RestApi > Properties > Auth > ApiKeyRequired**: Setting `ApiKeyRequired` to `true` without configuring an authorizer will make all API endpoints inaccessible. You need to either disable `ApiKeyRequired` or set up a proper authorizer (e.g., using AWS Lambda) to validate API keys.\n\n<END>""]"
gemini-1.5-pro,case3-github.yaml,"['<START>\n\n**[Resource Type Errors]**\n\n1.  **Policies**: The resource type ""Policies"" is not a supported resource type in AWS SAM. It seems like you\'re trying to define an IAM policy. You should attach IAM policies to your function using the `Policies` property within the `AWS::Serverless::Function` resource.\n\n**[Configuration Entry Errors]**\n\n1.  **SSMParameterWithSlashPrefixReadPolicy**: This is not a standard policy name. You should use a managed policy like `AmazonSSMReadOnlyAccess` or define a custom policy document. \n\n**[Configuration Entry Value Errors]**\n\n1.  **CodeUri**: The value of `CodeUri` should point to a folder containing your function code, not just the folder name. It likely needs to be `hello_world/app.py` or similar, depending on your project structure.\n\n**[Entry Dependency Errors]**\n\n1.  **Policies**: The `Policies` property should be nested directly within the `HelloWorldFunction` resource, not as a separate top-level element.\n\n**[Value Dependency Errors]**\n\n1.  **None**: There are no clear value dependency errors based on the provided configuration.\n\n<END>']"
gemini-1.5-pro,case6-github.yaml,"[""<START>\n\n**[Configuration Entry Errors]**\n\n* **Missing `BatchSize` Property:**  Under the `SQSEvent` configuration, you're using `ReportBatchItemFailures`. This requires the `BatchSize` property to be set within the `Properties` of the `SQSEvent`. \n\n**[Configuration Entry Value Errors]**\n\n* **FunctionResponseTypes:** The value `ReportBatchItemFailures` under `FunctionResponseTypes`  should be `ReportBatchItemFailuresOnly`.\n\n<END>""]"
gemini-1.5-pro,case19-github.yaml,"['<START>\n\n## Resource Type Errors\n\n- **DatadogServerless Transform**: The `DatadogServerless` transform is not a standard AWS SAM transform. Ensure this is a custom transform or replace it with a valid one.\n\n## Configuration Entry Errors\n\n- **HttpApiGW -> Auth -> Authorizers -> OAuth2Authorizer -> JwtConfiguration**:  The `issuer` property should be a string containing the issuer URL, not an intrinsic function. You likely want to move the `Fn::ImportValue` call inside the string:\n    ```yaml\n    issuer: !Sub ""Fn::ImportValue: ${CognitoStack}-ProviderURL"" \n    ```\n\n- **HttpApiGW -> Domain -> Route53**: The `Route53` property should be nested within a `CustomDomain` property, not directly under `Domain`.\n\n- **GetAnonymousSmsSendPageUrl -> Events -> ApiCall2**: The `Path` property should start with a capital letter (`/anonymousSmsSendPageUrl` should be `/AnonymousSmsSendPageUrl`).\n\n## Configuration Entry Value Errors\n\n- **SharedDependencyLayer -> ContentUri**:  The `ContentUri` should point to a zip file. Assuming you are using a build process, the path should likely be `src/dependencies/shared/nodejs.zip`.\n\n## Entry Dependency Errors\n\n- **HttpApiGW -> Domain -> CertificateArn**: The `ApiDomainCert` resource does not have a property named `DomainName`. You should reference the certificate\'s ARN using `!Ref ApiDomainCert`.\n\n## Value Dependency Errors\n\n- **Mappings -> DomainName**: The `Local` and `Dev` environments share the same values for `ApiName`, `webUrl`, `Zone`, and `ZoneId`. This might be intentional, but double-check if these values should be distinct.\n\n<END>']"
gemini-1.5-pro,case15-github.yaml,['<START>\n\n**[Configuration Entry Errors]**\n\n* **Resources > GetFunction > Properties > Events > GetResource > Properties**: `RestApiId` should be `RestApiId`.\n\n**[Configuration Entry Value Errors]**\n\n* **Resources > MyApi > Properties > GatewayResponses > DEFAULT_4XX > ResponseParameters > Headers > Access-Control-Expose-Headers**: The value should not be enclosed in single quotes. It should be `"WWW-Authenticate"`. \n\n<END>']
gemini-1.5-pro,case16-github.yaml,"[""<START>\n\n## Resource Type Errors\n* **AWS::ApplicationInsights::Application**: This resource type is not supported by SAM. \n* **AWS::ResourceGroups::Group**: This resource type is not supported by SAM. \n\n## Configuration Entry Errors\n* **Globals.Function.Tracing**: Should be `TracingConfig` instead of `Tracing`.\n* **Globals.Api**:  The `Api` section in `Globals`  doesn't apply in this template because there's no `AWS::Serverless::Api` resource defined. \n\n## Configuration Entry Value Errors\n* **ApplicationInsightsMonitoring.Properties.ResourceGroupName**: The `ResourceGroupName` property should not use `Ref` to reference the `ApplicationResourceGroup` because it expects a string value (the name of the resource group).\n\n## Entry Dependency Errors\n* **ApplicationInsightsMonitoring**: This resource depends on `ApplicationResourceGroup` which is not a supported SAM resource.\n\n## Value Dependency Errors\n*  **ApplicationInsightsMonitoring.Properties.ResourceGroupName**:  The value of this property depends on the `ApplicationResourceGroup` resource, which is not supported by SAM.\n\n<END>""]"
gemini-1.5-pro,case13-github.yaml,"['<START>\n## Resource Type Errors:\n- **None** - All resource types used (AWS::Logs::LogGroup, AWS::Serverless::Api, AWS::Serverless::Function) are supported by SAM.\n\n## Configuration Entry Errors:\n- **`MyFunction.Properties.Events.Noneapi.Properties.RequestModel.Required`**: The `RequestModel` configuration does not have a `Required` property. It should be `Required: true` directly under `Noneapi`.\n\n## Configuration Entry Value Errors:\n- **`MyApi.Properties.AccessLogSetting.Format`**: The `Format` property should use a valid access log format string. `$context.requestId` alone is not a valid format.  Refer to the documentation for valid placeholders and formatting options.\n\n## Entry Dependency Errors:\n- **None** - All `Ref` usages are correct and point to existing resources.\n\n## Value Dependency Errors:\n- **None** - There are no apparent value dependency errors. \n\n<END>']"
gemini-1.5-pro,case14-github.yaml,"[""<START>\n\n##  [Configuration Entry Errors]\n\n* **Resources > MyApi > Properties > Auth > Authorizers > MyAuthorizerV1 > UserPoolArn**: `UserPoolArn` should be defined directly within `MyAuthorizerV1`, not under a nested `Properties` key. \n* **Resources > MyApi > Properties > Auth > Authorizers > MyAuthorizerV2 > UserPoolArn**:  `UserPoolArn` should be defined directly within `MyAuthorizerV2`, not under a nested `Properties` key. \n\n## [Configuration Entry Value Errors]\n\n* **Resources > MyFirstApiKey > Properties > StageKeys**: The `StageKeys` property should be an array of objects. Each object should have `RestApiId` and `StageName` properties.\n\n## [Entry Dependency Errors]\n\n* **Resources > MyFirstApiKey > DependsOn**:  While not strictly an error, it's redundant to have `MyFirstApiKey` depend on `MyUsagePlan`. API Keys don't inherently depend on Usage Plans.\n\n<END>""]"
gemini-1.5-pro,case11-github.yaml,"['<START>\n\n**[Configuration Entry Errors]**\n\n- **Missing `Type` under `Events`**: The `LambdaRequest`, `LambdaRequestOverrideNone`, and `LambdaRequestOverrideCognito` events under the `MyFunction` resource are missing the `Type` property within their `Properties`. It should be `Api`.\n\n**[Entry Dependency Errors]**\n\n- **Incorrect `Ref` for `RestApiId`**: The `LambdaRequest`, `LambdaRequestOverrideNone`, and `LambdaRequestOverrideCognito` events under the `MyFunction` resource are incorrectly using `Ref: MyApi` for the `RestApiId`.  When using the `AWS::Serverless::Api` resource, the correct reference to use is `!Ref MyApi`.\n\n**[Configuration Entry Value Errors]**\n\n- **Incorrect `passthroughBehavior` value**: The `passthroughBehavior` property for all API Gateway integrations should be `when_no_templates` instead of `when_no_match`.\n\n<END>']"
gemini-1.5-pro,case18-github.yaml,"['<START>\n\n**[Configuration Entry Errors]**\n\n* **Triggers.FilterGroups**: The `Triggers` property within a `AWS::CodeBuild::Project` resource should contain a single `WebhookFilter` object, not a list of `FilterGroups`. \n\n**[Entry Dependency Errors]**\n\n* **Triggers.Webhook**: The `Webhook` property should be nested directly under `Triggers`, not within `FilterGroups`.\n\n<END>']"
gemini-1.5-pro,case20-github.yaml,"['<START>\n\n##  [Configuration Entry Errors]\n\n* **Incorrect Indentation:** The `FilterCriteria` property under the `Kinesis` event source is incorrectly indented. It should be at the same level as `Stream` and `BatchSize`.\n\n## [Configuration Entry Value Errors]\n\n* **Invalid Filter Pattern:** The `Pattern` value within `FilterCriteria` is using a Python-like syntax to represent a JSON object. Kinesis Data Streams filter criteria use a subset of  [AWS EventBridge pattern syntax](https://docs.aws.amazon.com/eventbridge/latest/userguide/eventbridge-and-event-patterns.html). \n\n## [Value Dependency Errors]\n\n* **Fn::GetAtt with Stream ARN:** While not technically an error, using `Fn::GetAtt` to get the stream ARN for the `Stream` property is redundant. You can directly use `!Ref TestStream` as the `Stream` property expects the stream name.\n\n<END>']"
gemini-1.5-pro,case12-github.yaml,"[""<START>\n\n**[Configuration Entry Errors]**\n* **Missing `Handler` property:** The `IamAuthorizerFunction` and `TestFunction` are missing the required `Handler` property. The `Handler` property specifies the entry point for the Lambda function.\n* **Incorrect Case:**  Under the `TestFunction` -> `Events` -> `APIRequest` -> `Properties`, `RestApiId` should be `RestApiId`.\n* **Incorrect Property:** Under the `TestFunction` -> `Events` -> `APIRequest` -> `Properties`, `Type` should be `Api`.\n\n**[Entry Dependency Errors]**\n* **Incorrect Reference:** The `IamAuthorizerFunction` resource is missing a `Policies` property to grant it necessary permissions to access the user's identity.\n\n<END>""]"
gemini-1.5-pro,case17-github.yaml,"['<START>\n\n**[Resource Type Errors]**\n\n* **None.** All resource types used (AWS::Serverless::Function) are supported by SAM.\n\n**[Configuration Entry Errors]**\n\n* **CodeUri Error:** The `CodeUri` property under the `LambdaHandler` resource should be pointing to a local path if you are using it for deployment. Using `s3://` directly is not the intended usage for `CodeUri`. It seems like you might be trying to refer to an existing code package in S3, which is not how SAM deployments typically work. \n\n**[Configuration Entry Value Errors]**\n\n* **None.** Assuming the `CodeUri` is corrected to point to a local path, there are no apparent value errors.\n\n**[Entry Dependency Errors]**\n\n* **None.** The use of `!Sub` for `FunctionName` and the corrected `CodeUri` (if pointing to a local path) would have correct dependencies.\n\n**[Value Dependency Errors]**\n\n* **None.** There are no apparent value dependency errors.\n\n<END>']"
gemini-1.5-pro,case22-github.yaml,"['<START>\n\n## Resource Type Errors\n\n* **DNS:** The resource type should be `AWS::Route53::HostedZone`, not ""AWS::Route53::HostedZone"". \n\n## Configuration Entry Errors\n\n* **MyApi:** \n    * `Domain`: The `BasePath` configuration entry should be placed outside the `Domain` entry, directly under `MyApi`.\n    * `Domain`: The `Route53` configuration entry should not be placed under `Domain`. It should be directly under `MyApi` if you want to associate the API with a Route53 record. \n\n## Configuration Entry Value Errors\n\n* **MyApiBaseMapping:**\n    * `DependsOn`:  `MyApiProdStage` is not a resource that `MyApiBaseMapping` directly depends on. The dependency should be on the `DomainName` resource.\n\n## Entry Dependency Errors\n\n* **MyFunction/Events/Fetch/Properties/RestApiId:** The `RestApiId` property should reference the `MyApi` resource using `!Ref MyApi`.\n\n## Value Dependency Errors\n\n* **MyApi/Domain/BasePath & MyApiBaseMapping/BasePath:** Having both `BasePath` defined in `Domain` and a separate `MyApiBaseMapping` with a `BasePath` can lead to conflicts.  You should choose one method for defining the base path.\n\n<END>']"
gemini-1.5-pro,case27-github-error.yaml,['<START>\n\n##  [Configuration Entry Errors]\n\n* **Resources/RequirementsLayer/Properties**: `LayerName` is missing and is a **required property** for `AWS::Serverless::LayerVersion`.\n\n## [Entry Dependency Errors]\n\n* **Outputs/UtilsLayerArn/Value**: The resource `UtilsLayer` should be referenced with `!GetAtt UtilsLayer.Arn`.\n* **Outputs/RequirementsLayerArn/Value**: The resource `RequirementsLayer` should be referenced with `!GetAtt RequirementsLayer.Arn`. \n\n<END>']
gemini-1.5-pro,case24-github.yaml,"['<START>\n\n**[Resource Type Errors]**\n\n- `AWS::LanguageExtensions` is not a supported resource type in AWS SAM. \n\n**[Configuration Entry Errors]**\n\n- **MyApi/Properties**: `OpenApiVersion`  should be `DefinitionUri` or `DefinitionBody`.\n- **MyFunction/Properties**:  `Runtime` should be `Nodejs16.x` (capitalization error).\n- **MyFunction/Properties/Events/ApiEvent/Properties**: `RestApiId` should be at the same level as `Type` and `Properties`.\n\n**[Configuration Entry Value Errors]**\n\n- **MyApi/Properties**: `DefinitionUri` (which should replace `OpenApiVersion`) cannot be a version number like ""3.0.0"". It should point to an OpenAPI definition file (e.g., `s3://my-bucket/openapi.yaml`).\n\n**[Entry Dependency Errors]**\n\n- None.\n\n**[Value Dependency Errors]**\n\n- None.\n\n<END>']"
gemini-1.5-pro,case21-github.yaml,"['<START>\n\n## Resource Type Errors\n\n* **AWS::LanguageExtensions** is not a supported resource type in AWS SAM.\n\n## Configuration Entry Errors\n\n* **Globals.Function.VpcConfig** should be **Globals.Function.VpcConfig.VpcId**. \n* **AWS::Serverless::Api.Cors** is missing the **AllowMethods** property.\n* **AWS::Serverless::Function.Events.[Event Name].Properties.RequestParameters** should be **AWS::Serverless::Function.Events.[Event Name].Properties.RequestParameter** (singular).\n\n## Configuration Entry Value Errors\n\n* **AWS::Serverless::Api.Cors.AllowOrigin** should not have single quotes around the wildcard. Use `AllowOrigin: \'*\'` instead of `AllowOrigin: ""\'*\'""`.\n* **AWS::Serverless::Api.Cors.AllowHeaders** should not have single quotes. Use spaces to separate multiple values.  Use `AllowHeaders: Content-Type Authorization X-Amz-Date` instead of `AllowHeaders: ""\'Content-Type,Authorization,X-Amz-Date\'""`.\n* **AWS::Serverless::Api.Cors.MaxAge** should not have single quotes. Use `MaxAge: 300` instead of `MaxAge: ""\'300\'""`.\n\n## Entry Dependency Errors\n\n* **AWS::Serverless::Function.Policies.AWSSecretsManagerGetSecretValuePolicy** requires the `SecretArn` property to be defined for each function that uses it. You are using a wildcard in the ARN, which might lead to unintended access. It\'s better to specify the complete ARN for each function.\n* **AWS::Batch::JobDefinition.Properties.ContainerProperties.Command** is using `Ref::h5ad_file_location`, `Ref::dataset_type`, and `Ref::dataset_name` which are not defined parameters in the template.\n\n## Value Dependency Errors\n\n* The `ApiMappingKey` in **AWS::ApiGatewayV2::ApiMapping** is empty for the `prod` environment. This will cause a conflict if you deploy multiple stages (test/prod) to the same API Gateway API. Each stage needs a unique `ApiMappingKey`.\n\n<END>']"
gemini-1.5-pro,case29-github-error.yaml,"['<START>\n\n## Resource Type Errors\n\n* **None** - All resource types used in the provided SAM template are supported.\n\n## Configuration Entry Errors\n\n1. **`AWS::Serverless::LayerVersion`**: \n    *  **Missing `ContentUri`:** The `ContentUri` property under `LambdaLayer` should be `s3://<bucket-name>/<path-to-zip>`, not just `dependencies/`. It needs to point to a zip file in S3.\n\n## Configuration Entry Value Errors\n\n* **None** - All configuration entry values appear to have correct types, constraints, and representations.\n\n## Entry Dependency Errors\n\n* **None** - All `Ref` usages are correct and point to existing resources.\n\n## Value Dependency Errors\n\n* **None** - No obvious value dependency issues detected.\n\n<END>']"
gemini-1.5-pro,case30-github-error.yaml,"['<START>\n\n**[Configuration Entry Errors]**\n\n* **Globals.Function.Timeout**: The `Timeout` property should be defined within the `Properties` section of each function, not in `Globals`.\n\n**[Entry Dependency Errors]**\n\n* **IdempotencyFunction.CodeUri**:  The `CodeUri` property should point to a directory containing your function\'s code, but ""src/"" is too generic. It should be more specific, like  ""src/IdempotencyFunction"" if your code is structured that way.\n* **PowertoolsLayer.ContentUri**: Similar to `CodeUri`, ""layer/"" is too generic. It should point to the specific directory containing your layer\'s code, e.g., ""layer/python"".\n\n<END>']"
gemini-1.5-pro,case26-github.yaml,"[""<START>\n\n**[Resource Type Errors]**\n\n* **AWS::ApiGateway::ApiKey**: This resource type is not directly supported in AWS SAM. Use `AWS::Serverless::Api`'s `ApiKeySelectionExpression` property for API key authorization.\n* **AWS::ApiGateway::UsagePlan**: This resource type is not directly supported in AWS SAM. \n* **AWS::ApiGateway::UsagePlanKey**: This resource type is not directly supported in AWS SAM. \n\n**[Configuration Entry Errors]**\n\n* **Resources > ApiGateway > Properties > StageName**: While this property is supported, it's redundant here. SAM automatically creates a stage named after the `StageName` parameter when deploying.\n\n**[Entry Dependency Errors]**\n\n* The entire section related to `TestApiKey`, `TestUsagePlan`, and `TestUsagePlanKey` relies on resource types not directly supported by SAM.  You'll need to manage API keys and usage plans differently in a SAM template.\n\n<END>""]"
gemini-1.5-pro,case28-github-error.yaml,"[""<START>\n\n**[Resource Type Errors]**\n\n* **No errors found.**\n\n**[Configuration Entry Errors]**\n\n* **Metadata.BuildMethod:** The `BuildMethod` property under `Metadata` in the `AWS::Serverless::FunctionLayerVersion` resource is not a valid configuration.  Remove this entire `Metadata` block.\n\n**[Configuration Entry Value Errors]**\n\n* **RetentionPolicy:** The `RetentionPolicy` property in `AWS::Serverless::FunctionLayerVersion` should be `'Retain'` or `'Delete'`, not `Retain` (missing quotes).\n\n**[Entry Dependency Errors]**\n\n* **No errors found.**\n\n**[Value Dependency Errors]**\n\n* **No errors found.**\n\n<END>""]"
gemini-1.5-pro,case23-github.yaml,"['<START>\n\n**[Resource Type Errors]**\n\n* `AWS::ApiGateway::GatewayResponse` is not a supported resource type in AWS SAM. Use AWS::Serverless::Api GatewayResponse instead. \n\n**[Configuration Entry Errors]**\n\n* **MyApi/Properties**: `DefinitionBody` is incorrectly indented. It should be at the same level as `StageName`.\n\n**[Entry Dependency Errors]**\n\n* **UnauthorizedRedirect/Properties/RestApiId**:  The `RestApiId` property should reference the logical ID of the `AWS::Serverless::Api` resource, which is `MyApi`. However, using `!Ref` with `AWS::Serverless::Api` is not the correct approach. You should use `!Ref MyApi.Api`.\n\n**[Value Dependency Errors]**\n\n* **UnauthorizedRedirect/Properties/ResponseType**: The `ResponseType`  should be `UNAUTHORIZED` (all uppercase), not `Unauthorized`.\n\n<END>']"
gemini-1.5-pro,case25-github.yaml,['<START>\n\n**[Resource Type Errors]**\n\n* No resource type errors found.\n\n**[Configuration Entry Errors]**\n\n* **CertificateArn should be CertificateArn** in the `Domain` configuration of all three APIs.\n\n**[Configuration Entry Value Errors]**\n\n* No configuration entry value errors found.\n\n**[Entry Dependency Errors]**\n\n* No entry dependency errors found.\n\n**[Value Dependency Errors]**\n\n* No value dependency errors found.\n\n<END>']
gemini-1.5-pro,case40-github-error.yaml,"[""<START>\n\n##  [Configuration Entry Errors]\n\n1. **Missing `CodeUri` Property:** The `HelloWorldFunction` resource is missing the `CodeUri` property, which is **required** for functions. This property specifies the location of the function's code in S3 or a similar service.\n\n## [Entry Dependency Errors]\n\n1. **Missing `Events` Section for API Gateway Integration:**  While not strictly an error, the provided configuration doesn't define how the `HelloWorldFunction` will be triggered. To expose it via API Gateway, you'd typically include an `Events` section with an `HttpApi` event defining the API path and method. \n\n<END>""]"
gemini-1.5-pro,case38-github-error.yaml,"[""<START>\n\n**[Configuration Entry Errors]**\n\n* **GetUserFunction/Events/GetUserPath/Properties/Auth/Authorizer:** The `Authorizer` property should be lowercase: `authorizer`.\n* **UpdateUserFunction/Events/PutRoot/Properties/Auth/Authorizer:** The `Authorizer` property should be lowercase: `authorizer`.\n\n**[Configuration Entry Value Errors]**\n\n* **GetUserFunction/Properties/Runtime:**  `nodejs18.x` is not a valid runtime. Use `nodejs18.x` instead.\n* **MyAPI/Properties/Cors/AllowMethods:**  Remove single quotes from the method list. It should be: `OPTIONS,GET,POST,PUT,DELETE`\n* **MyAPI/Properties/Cors/AllowHeaders:** Remove single quotes from the header list. It should be: `Content-Type,X-Amz-Date,Authorization,X-Api-Key, Access-Control-Allow-Origin`\n* **MyAPI/Properties/Cors/AllowOrigin:**  While using `'*'` is common for CORS, it's generally considered a bad security practice.  You should specify the allowed origins explicitly.\n\n**[Entry Dependency Errors]**\n\n* **MyAPI/Properties/Auth/Authorizers/CustomLambdaTokenAuthorizer/FunctionArn:** The `!GetAtt` should reference the logical ID of the Lambda function and the attribute. It should be `!GetAtt ValidateTokenFunction.Arn`.\n\n<END>""]"
gemini-1.5-pro,case39-github-error.yaml,"[""<START>\n\n**[Resource Type Errors]**\n\n* **AWS::Permission is not a supported resource type in SAM.**  Use the `Policies` property within the `AWS::Serverless::Function` resource to manage permissions.\n\n**[Configuration Entry Errors]**\n\n* **`ImageBucketPermission` resource:**\n    *  The `SourceAccount` property is not valid within an `AWS::Permission`-like structure. Permissions related to S3 bucket event notifications are handled differently in SAM. \n\n**[Entry Dependency Errors]**\n\n*  **`ImageBucketPermission` resource:** The `FunctionName` property should not directly reference `MyFunction` using `!Ref`.  Since you're aiming to grant S3 permission to invoke the Lambda function, you should use the function's ARN, which is accessible via `!GetAtt MyFunction.Arn`.\n\n**[Value Dependency Errors]**\n\n*  **`ImageBucketPermission` resource:** The `SourceArn` property should ideally be constructed using the bucket name to ensure accuracy. You can achieve this using `!Sub` and referencing the bucket name if it's defined as a parameter in your template.\n\n<END>""]"
gemini-1.5-pro,case35-github-error.yaml,"[""<START>\n\n## [Resource Type Errors]\n\n- **Issue:** `AWS::Serverless::Api` is not a supported resource type in AWS SAM. The correct resource type is `AWS::Serverless::Api`. \n- **Solution:** Change `AWS::Serverless::Api` to `AWS::Serverless::Api`.\n\n## [Configuration Entry Errors]\n\n- **Issue:** `ApiEvent` is not a valid event source type under `Events` for `AWS::Serverless::Function`. The correct event source type is `HttpApi`.\n- **Solution:** Change `ApiEvent` to `HttpApi`.\n\n- **Issue:** `RestApiId` property is deprecated and should not be used within `HttpApi` events.\n- **Solution:** Remove the `RestApiId` property. The API Gateway integration is automatically handled when using `HttpApi` events.\n\n## [Configuration Entry Value Errors]\n\n- **Issue:** `Runtime` property value `python2.0` is not supported. Python 2.7 is deprecated and you should use a supported Python 3 runtime.\n- **Solution:** Change `python2.0` to a supported Python 3 runtime, such as `python3.8`.\n\n## [Entry Dependency Errors]\n\n- **Issue:**  While not an error, using `!Ref ApiGateway` to implicitly grant API Gateway invocation permissions is not best practice. \n- **Solution:**  It's recommended to explicitly define an `AWS::Serverless::ApiResource` for the `/` path and reference that resource in the function's `HttpApi` event definition. This provides better resource management and clarity.\n\n<END>""]"
gemini-1.5-pro,case34-github-error.yaml,"['<START>\n\n## [Resource Type Errors]\n- No errors found.\n\n## [Configuration Entry Errors]\n- **MyFunction/Events/MyApi/Method:**  ""GET"" should be ""get"" (lowercase) to match the API Gateway event definition.\n\n## [Configuration Entry Value Errors]\n- **MyApi/Properties/DefinitionBody/paths//my-resource/get/x-amazon-apigateway-integration/httpMethod:** ""POST"" should be ""GET"" to match the defined path and method.\n\n## [Entry Dependency Errors]\n- **MyApi/Properties/DefinitionBody/paths//my-resource/get/x-amazon-apigateway-integration/uri:** The `FunctionArn` substitution is correct, but the path `/newlocation` defined in `MyFunction/Events/MyApi/Path` is not reflected here. It should point to the correct Lambda function invocation path.\n\n## [Value Dependency Errors]\n- **MyFunction/Events/MyApi/Path & MyApi/Properties/DefinitionBody/paths:** The path defined in `MyFunction/Events/MyApi/Path` is `/newlocation`, while the path defined in the API Gateway definition is `/my-resource`. These should be consistent.\n\n<END>']"
gemini-1.5-pro,case31-github-error.yaml,"['<START>\n\n## Resource Type Errors\n- **None** - All resource types defined in the template are supported by SAM.\n\n## Configuration Entry Errors\n- **`APIPost` Event Source (ShippingRatesLambda resource):** \n    -  Missing `PayloadFormatVersion` under `Properties`. While not mandatory, it\'s best practice to explicitly define this for clarity.\n\n## Configuration Entry Value Errors\n- **`AccessLogSettings.Format` (MyHttpApi resource):** The provided format string `""$context.requestId""` is not a valid format.  A valid format string should use predefined variables enclosed in `$context` like this: `""$context.requestId""`. Refer to [Access Log Format](https://docs.aws.amazon.com/apigateway/latest/developerguide/set-up-logging.html#set-up-access-logging-using-console) for valid variables and formatting.\n\n## Entry Dependency Errors\n- **None** - All `Ref` usages and resource dependencies appear correct.\n\n## Value Dependency Errors\n- **None** - No obvious value dependency issues detected.\n\n<END>']"
gemini-1.5-pro,case37-github-error.yaml,['<START>\n\n**[Resource Type Errors]**\n* No errors found.\n\n**[Configuration Entry Errors]**\n* **Error:**  `RestApiId` property under `Events.HelloGfmiApi.Properties` should be `ApiId`.\n* **Error:** Missing `AuthorizationType` property under `Events.HelloGfmiApi.Properties.Auth`.\n* **Potential Error:** `CognitoAuthorizer` under `Events.HelloGfmiApi.Properties.Auth`  should likely be a reference to a Cognito User Pool authorizer defined elsewhere in the template. \n\n**[Configuration Entry Value Errors]**\n* No errors found.\n\n**[Entry Dependency Errors]**\n* **Error:** `MyApi` is referenced but not defined within the provided template. It should be defined as an `AWS::Serverless::Api` resource. \n\n**[Value Dependency Errors]**\n* No errors found.\n\n<END>']
gemini-1.5-pro,case32-github-error.yaml,"[""<START>\n\n**[Resource Type Errors]**\n\n* **Line 9:** The resource type `AWS::Serverless::Application` is not a supported resource type in AWS SAM. The correct resource type for deploying serverless applications is `AWS::Serverless::Application`. \n\n**[Configuration Entry Errors]**\n\n* **Line 14:**  The correct property name is `Parameters`, not `parameters`. Property names in AWS SAM are case-sensitive.\n\n**[Entry Dependency Errors]**\n\n* **Line 10:** The `ApplicationId` property should not be hardcoded. It seems like you're trying to reference a Serverless Application Repository application. To do this, you should use the `ServerlessApplicationRepository` intrinsic function.\n\n**[Configuration Entry Value Errors]**\n\n* **Line 10:**  The `ApplicationLocation` property should be an object with `ApplicationId` and `SemanticVersion` properties. You are missing curly braces `{}` to define it as an object.\n\n<END>""]"
gemini-1.5-pro,case36-github-error.yaml,"['<START>\n\n##  [Configuration Entry Errors]\n\n- **Resources > ProfilePostFunction > Properties > AutoPublishAlias**: This property is not valid for `AWS::Serverless::Function`. It should be **AutoPublishAlias** (without ""dev"").\n- **Resources > ProfilePostFunction > Properties > DeploymentPreference > Alarms**: The alarm names should be referenced directly, not with `!Ref`. It should be `- AliasErrorMetricGreaterThanZeroAlarm` and `- LatestVersionErrorMetricGreaterThanZeroAlarm`.\n- **Resources > AliasErrorMetricGreaterThanZeroAlarm > Properties > Handler**: This property is not valid for `AWS::CloudWatch::Alarm`.\n\n## [Configuration Entry Value Errors]\n\n- **Resources > ProfilePostFunction > Properties > Runtime**:  While `nodejs18.x` is a valid runtime, it\'s recommended to use the more specific `nodejs18.x` for better compatibility.\n\n<END>']"
gemini-1.5-pro,case33-github-error.yaml,['<START>\n\n## Resource Type Errors\n- **None** \n\n## Configuration Entry Errors\n- **VPCEndpointIds**: The correct entry name is **VpcEndpointIds** (note the case difference) under `EndpointConfiguration` in the `AWS::Serverless::Api` resource.\n\n## Configuration Entry Value Errors\n- **None**\n\n## Entry Dependency Errors\n- **None**\n\n## Value Dependency Errors\n- **None**\n\n<END>']
gemini-1.5-pro,case45-github-error.yaml,"[""<START>\n\n**[Configuration Entry Errors]**\n\n* **Missing `CodeUri` or `ImageUri`:** The `AWS::Serverless::Function` resource requires either `CodeUri` (for code deployments) or `ImageUri` (for container image deployments) to be defined. This template doesn't provide either, making it impossible to deploy the function.\n\n**[Entry Dependency Errors]**\n\n* **`InlineCode` without `PackageType`:** When using `InlineCode`, you must set `PackageType` to `Image`. \n\n**[Value Dependency Errors]**\n\n* **Node.js Runtime and `PackageType: Image` Incompatibility:** The provided code suggests a Node.js function, but using `InlineCode` requires `PackageType: Image`, which is meant for container images. This is a logical inconsistency.\n\n<END>""]"
gemini-1.5-pro,case41-github-error.yaml,"['<START>\n\n##  [Configuration Entry Value Errors]\n\n* **Runtime: 1024**: The `Runtime` property should specify a valid runtime identifier for AWS Lambda, such as `python3.9` or `nodejs16.x`.  ""1024"" is not a valid runtime identifier.\n\n## [Configuration Entry Errors]\n\n* **Policies**: The `Policies` property is not a valid property for `AWS::Serverless::Function`. To define IAM policies for your function, you should use the `Policies` property within an `AWS::Serverless::Function.Properties.Role` definition or use a dedicated `AWS::IAM::Role` resource. \n\n* **S3CrudPolicy**: The `S3CrudPolicy` is not a standard policy type. You should define the specific actions (e.g., `s3:GetObject`, `s3:PutObject`) and resources (your S3 bucket ARN) within a custom policy document.\n\n<END>']"
gemini-1.5-pro,case44-github-error.yaml,"['<START>\n\n**[Resource Type Errors]**\n\n* **AWS::Serverless::Api:** The correct resource type is `AWS::Serverless::Api`. The provided configuration uses `AWS::Serverless::Api`, which is incorrect.\n\n**[Configuration Entry Errors]**\n\n* **Globals.Function.Timeout:** The `Timeout` property should be nested under `Properties` within the `Function` global. It should be:\n  ```yaml\n  Globals:\n    Function:\n      Properties:\n        Timeout: 500000 \n  ```\n\n* **RestAPIGateway.Properties.StageName:** The `StageName` property is not a valid property for `AWS::Serverless::Api`. It should be removed.\n\n* **TestWaitOnDependency.DependsOn:** The `DependsOn` property is not supported for `AWS::Serverless::Function`. It should be removed.\n\n**[Configuration Entry Value Errors]**\n\n* **None.**\n\n**[Entry Dependency Errors]**\n\n* **HelloWorldFunction.Properties.Events.ApiEvent.Properties.RestApiId:** The `RestApiId` property should reference the logical ID of the `AWS::Serverless::Api` resource. However, the provided configuration references `RestAPIGateway`, which is incorrect. It should be:\n  ```yaml\n  RestApiId:\n    Ref: ApiGateway \n  ``` \n\n**[Value Dependency Errors]**\n\n* **None.**\n\n<END>']"
gemini-1.5-pro,case42-github-error.yaml,"['<START>\n\n##  [Configuration Entry Errors]\n\n* **Resources > MyGatewayApi > Properties > Auth > Authorizers > CognitoAuthorizer**: `UserPoolArn` should be `UserPoolId`.\n\n## [Configuration Entry Value Errors]\n\n* **Resources > MyCognitoUserPoolClient > Properties > UserPoolId**:  The value of `UserPoolId` should be a reference to the `MyCognitoUserPool` resource using `!Ref MyCognitoUserPool`, not just the string ""MyCognitoUserPool"".\n* **Resources > HelloWorldFunction > Properties > Events > GetToken > Properties**: `RestApiId` should reference `MyGatewayApi` using `!Ref MyGatewayApi`.\n\n## [Entry Dependency Errors]\n\n* **Resources**: The `MyCognitoUserPool` resource is referenced but not defined within the template. You need to define this resource. \n\n<END>']"
gemini-1.5-pro,case47-github-error.yaml,"['<START>\n\n**[Configuration Entry Errors]**\n\n* **Events/BlobsBucket/Properties/Events:** The correct configuration entry name should be **Event**, not Events.\n\n**[Entry Dependency Errors]**\n\n* **Events/BlobsBucket/Properties/Bucket:** The resource `BlobsBucket` is referenced but not defined in the template. \n\n<END>']"
gemini-1.5-pro,case43-github-error.yaml,['<START>\n\n**[Configuration Entry Errors]**\n\n* **Missing `Properties.EventPattern`:** The `EventBridgeRule` trigger is missing the required `EventPattern` property under `Properties`. The `Pattern` property should be nested under `EventPattern`.\n\n**[Entry Dependency Errors]**\n\n* **Incorrect `EventBusName` Reference:** The `EventBusName` property should use `!GetAtt` instead of `!Ref` to reference the ARN of the `MyEventBus` resource. \n\n<END>']
gemini-1.5-pro,case46-github-error.yaml,"['<START>\n\n**[Configuration Entry Value Errors]**\n\n* **Invalid Architecture:**  The `Architectures` property under `ImageConfig` should contain valid AWS architectures like `arm64` or `x86_64`. ""fake"" is not a valid architecture.\n\n**[Entry Dependency Errors]**\n\n* **Missing `Handler`:** When using `PackageType: Image`, the `Handler` property is not required and should be removed.\n\n**[Configuration Entry Errors]**\n\n* **`ImageConfig` Indentation:** The `ImageConfig` property should be at the same indentation level as `PackageType`.\n\n<END>']"
gemini-1.5-pro,case52-github-error.yaml,['<START>\n\n**[Configuration Entry Errors]**\n* **Resources > MyApi > Properties > Auth > ApiKeyRequired**: The correct property name is `ApiKeyRequired`. It seems like there was a typo in the original configuration.\n\n**[Entry Dependency Errors]**\n* **Resources > HelloWorldFunction > Properties > Events > HelloWorld > Properties > RestApiId**: The `RestApiId` property should reference the `MyApi` resource using `!Ref MyApi`.\n\n<END>']
gemini-1.5-pro,case51-github-error.yaml,"['<START>\n\n**[Resource Type Errors]**\n\n* The resource type `AWS::Serverless::Function` is deprecated. Use `AWS::Serverless::Function//Application` instead.\n\n**[Configuration Entry Errors]**\n\n*  The `RestApiId` property within `Events.ApiEvent.Properties` should be nested under an `Api` object. \n\n**[Entry Dependency Errors]**\n\n* The `RestApiId` property should reference a resource of type `AWS::Serverless::Api`, but there\'s no `AWS::Serverless::Api` resource named ""MyApi"" defined in the template.\n\n<END>']"
gemini-1.5-pro,case48-github-error.yaml,['<START>\n\n**[Configuration Entry Errors]**\n* **Missing `RouteSettings` property:** The `HttpProxyEvent` should include a `RouteSettings` property to define route-specific settings like caching or throttling. \n\n**[Configuration Entry Value Errors]**\n* **Incorrect `Type` value in `HttpProxyEvent`:**  The `Type`  under `HttpProxyEvent` should be `HttpApi` **without** the leading `AWS::` prefix.\n\n<END>']
gemini-1.5-pro,case50-github-error.yaml,"[""<START>\n\n**[Resource Type Errors]**\n\n* No errors found.\n\n**[Configuration Entry Errors]**\n\n* **MyFunction.Properties.Policies**: The `Policies` property should be `Role`, not `Policies`. \n* **MyFunction.Properties.Events.RootGet.Properties.RestApiId**:  While not technically an error, it's best practice to use `!Sub arn:${AWS::Serverless::Api.RestApiId}` instead of `!Ref MyApi` for improved clarity and compatibility.\n* **MyFunction.Properties.Events.RootOptions.Properties.RestApiId**: Same as above, use `!Sub arn:${AWS::Serverless::Api.RestApiId}`.\n\n**[Configuration Entry Value Errors]**\n\n* **MyFunction.Properties.MemorySize**:  `MemorySize` should be a multiple of 64, between 128 and 10240. A value of `10` is invalid.\n\n**[Entry Dependency Errors]**\n\n* No errors found.\n\n**[Value Dependency Errors]**\n\n* No errors found.\n\n<END>""]"
gemini-1.5-pro,case49-github-error.yaml,"[""<START>\n\n## Resource Type Errors\n- **AWS::Serverless**: This resource type is not supported by AWS SAM. \n\n## Configuration Entry Errors\n- **Resources/MyFunction/Properties/Handler**: The correct property name is `Handler`, not `handler`.\n- **Resources/MyApi/Properties/Auth**: The `Auth` property should be nested under `Properties/OpenApiVersion` and should be an object with an `Authorizers` property.\n\n## Configuration Entry Value Errors\n- **Resources/MyFunction/Properties/Runtime**:  While `python3.8` might be valid, it's recommended to use more specific runtimes like `python3.8.10` for better compatibility. \n\n## Entry Dependency Errors\n- **Resources/MyApi/Properties/Auth/Authorizers/LambdaRequestAuthorizer/FunctionArn**: The `LambdaRequestAuthorizer` should reference the function using `!GetAtt MyFunction.Arn`, but it's currently trying to access it as a direct property.\n\n## Value Dependency Errors\n- **Resources/MyApi/Properties/Auth**: The `Auth` property is conditionally included based on `WithAuthCondition`. However, if `WithAuthCondition` is false, the `Auth` property will be set to `!Ref AWS::NoValue`, which is not a valid value for the `Auth` property. It should be omitted entirely.\n\n<END>""]"
gemini-1.5-pro,TESTSelect12.yaml,"[""<START>\n\n**[Configuration Entry Errors]**\n\n* **Incorrect casing:** `security` under `Events.MyEvent.Properties` should be `Security`. \n\n**[Configuration Entry Value Errors]**\n\n* **Unsupported value:**  The `Events.MyEvent.Properties.Security` configuration doesn't support the structure provided.  While API Gateway does support API keys, the way it's defined within a SAM template for API Gateway integrations is different. \n\n**[Entry Dependency Errors]**\n\n* **Missing API Key definition:** To use `apiKey` security as indicated, you would need to define an `AWS::ApiGateway::ApiKey` resource and potentially an `AWS::ApiGateway::UsagePlan` to associate it with.\n\n<END>""]"
gemini-1.5-pro,TESTSelect3.yaml,"['<START>\n\n**[Resource Type Errors]**\n\n* **AWS::ServerLess::LayerVersion should be AWS::Serverless::LayerVersion**:  The resource type for `DBSupportLayer` has a typo. ""ServerLess"" should be ""Serverless"".\n\n**[Configuration Entry Errors]**\n\n* **Missing `FunctionName` for `SupplementalItemsFunction`**:  While not strictly required, it\'s highly recommended to provide a `FunctionName` for your Lambda functions to have better control over naming conventions and avoid potential conflicts.\n\n**[Configuration Entry Value Errors]**\n\n* **`PG_ENGINE_URL`  Environment Variable is Empty**: The `PG_ENGINE_URL` environment variable is provided but left empty. This needs to be populated with the actual connection string for your Aurora PostgreSQL database.\n\n**[Entry Dependency Errors]**\n\n* **None.**\n\n**[Value Dependency Errors]**\n\n* **None.**\n\n<END>']"
gemini-1.5-pro,TESTSelect2.yaml,"['<START>\n\n**[Resource Type Errors]**\n\n* `AWS::Glue::Trigger` is not a supported resource type in AWS SAM. SAM primarily focuses on resources directly related to serverless applications. \n\n**[Configuration Entry Errors]**\n\n*  While the configuration entries within the `AWS::Glue::Trigger` resource are generally correct for a Glue Trigger, they are not relevant in a SAM template because the resource type itself is not supported.\n\n**[Configuration Entry Value Errors]**\n\n*  (Not applicable due to Resource Type Error)\n\n**[Entry Dependency Errors]**\n\n* The `!Ref GlueJob1` and `!Ref DataCrawler` indicate dependencies on other resources (likely an `AWS::Glue::Job` and an `AWS::Glue::Crawler`).  These resources would need to be defined within the SAM template for these references to be valid. However, since `AWS::Glue::Trigger` is not supported, these dependencies are moot in the context of SAM.\n\n**[Value Dependency Errors]**\n\n* (Not applicable due to Resource Type Error)\n\n<END>']"
gemini-1.5-pro,TESTSelect13.yaml,"[""<START>\n\n##  [Configuration Entry Errors]\n\n* **Missing `Path` property under `Events`**: The `CreateMemberShipCardFunction` has an `Events` section with a `ProxyApiRoot` event, but it's missing the `Path` property within the `Properties` of the `ProxyApiRoot`. This property is required to specify the path that will trigger the function. \n\n## [Entry Dependency Errors]\n\n* **Incorrect `RestApiId` reference**: Both `ServiceStatusFunction` and `CreateMemberShipCardFunction` are trying to use `!Ref` to reference `RestApiId` from APIs defined within the same template. However, `AWS::Serverless::Api` doesn't have a direct output called `RestApiId`. You should use `!Ref ServiceStatusFunctionApi` and `!Ref CreateMemberShipCardFunctionApi` directly to reference the API Gateway resources.\n\n## [Value Dependency Errors]\n\n* **Inconsistent API definition**: The template defines two separate `AWS::Serverless::Api` resources (`ServiceStatusFunctionApi` and `CreateMemberShipCardFunctionApi`) but uses the same `swagger.yml` file for both. This will likely lead to conflicts as each API resource expects a unique OpenAPI definition. \n\n<END>""]"
gemini-1.5-pro,TESTSelect5.yaml,"['<START>\n\n##  [Resource Type Errors]\n\n1. **AWS::Lambda::Url**: This resource type is not supported in SAM. Use `AWS::Serverless::Api` or `AWS::ApiGatewayV2::Api` along with route configurations to expose Lambda functions as HTTP endpoints.\n2. **AWS::Lambda::Permission**: This resource type is not supported in SAM for functions defined within the template. SAM automatically handles permissions when using event sources or API Gateway integrations. \n\n## [Configuration Entry Errors]\n\n1. **SignerUrl**: The `TargetFunctionArn` property should be nested under `Properties`.\n\n## [Entry Dependency Errors]\n\n1. **SignerUrl**: Since `AWS::Lambda::Url` is not supported, the reference `!GetAtt Signer.Arn` will also be invalid.\n\n## [Configuration Entry Value Errors]\n\n- None\n\n## [Value Dependency Errors]\n\n- None \n\n<END>']"
gemini-1.5-pro,TESTSelect14.yaml,['<START>\n\n**[Resource Type Errors]**\n\n* No resource type errors found. \n\n**[Configuration Entry Errors]**\n\n* **Missing `SourceArn` Property:** The `AWS::Lambda::Permission` resource requires a `SourceArn` property to specify the API Gateway resource that should be allowed to invoke the Lambda function. \n\n**[Configuration Entry Value Errors]**\n\n* No configuration entry value errors found.\n\n**[Entry Dependency Errors]**\n\n* No entry dependency errors found.\n\n**[Value Dependency Errors]**\n\n* No value dependency errors found. \n\n<END>']
gemini-1.5-pro,TESTSelect9.yaml,"['<START>\n\n**[Resource Type Errors]**\n\n* `AWS::Serverless::StateMachine` is not a supported resource type in AWS SAM. The correct resource type is `AWS::StepFunctions::StateMachine`.\n\n**[Configuration Entry Errors]**\n\n*  **Missing `EventBusName`:** The `EventBridgeRule` event type for Step Functions requires an `EventBusName` property to specify the event bus to which the rule should be added. \n\n**[Configuration Entry Value Errors]**\n\n* **Potentially incorrect `Name` value:** While not technically an error, using ""foobar"" as the `Name` for an EventBridge rule might not be descriptive enough. Consider a more informative name.\n\n**[Entry Dependency Errors]**\n\n* N/A\n\n**[Value Dependency Errors]**\n\n* N/A\n\n<END>']"
gemini-1.5-pro,TESTSelect8.yaml,"['<START>\n\n**[Resource Type Errors]**\n* `AWS::Serverless::Function` is deprecated. Use `AWS::Serverless::Function//Application` instead. \n\n**[Configuration Entry Errors]**\n* Under `Events`, `S3VideoUploadEvent`, the `Properties` should be indented one level further to be correctly nested.\n* The `Filter` configuration within the `S3` event type should be nested under `Properties`.\n\n**[Configuration Entry Value Errors]**\n*  The `Events` property in the `S3` event trigger should be `Event`, not `Events`.\n\n**[Entry Dependency Errors]**\n* None.\n\n**[Value Dependency Errors]**\n* None.\n\n<END>']"
gemini-1.5-pro,TESTSelect15.yaml,"[""<START>\n\n**[Configuration Entry Errors]**\n\n* **Missing `Handler` Property:** The `AWS::Serverless::Function` resource is missing the required `Handler` property. The `Handler` property specifies the entry point of your function code. \n\n* **Missing `CodeUri` Property:** The `AWS::Serverless::Function` resource is missing the `CodeUri` property, which is required to specify the location of your function's code.\n\n**[Entry Dependency Errors]**\n\n* **`PackageType` Implication:**  While not explicitly a misconfiguration, the absence of the `CodeUri` property and the lack of other deployment-related properties (like `S3Bucket`, `S3Key`, etc.) suggest that you might be intending to use the `Image` property for container image deployments. If so, you need to set `PackageType: Image`. \n\n<END>""]"
gemini-1.5-pro,TESTSelect4.yaml,"['<START>\n\n##  [Resource Type Errors]\n\n1. **AWS::Serverless::FunctionReference** is deprecated. Use **AWS::Serverless::Function** with `AutoPublishAlias: undefined` and `InlineCode: undefined` instead. This applies to both `NestedFunctionExample` and `ImportValueExample`.\n\n## [Configuration Entry Errors]\n\n1. **NestedApp1.Events.NestedFunctionName:**  The event source type should be `SQS`, not `NestedFunctionName`.\n2. **AWS::Serverless::Application** does not have an `Events` property. Events should be defined within the individual functions of the application.\n\n## [Configuration Entry Value Errors]\n\n1. **NestedStack.Properties.TemplateURL:** The value should be a valid URL pointing to the nested stack template. Currently, it only says ""\\<url>"".\n\n## [Entry Dependency Errors]\n\n1. **NestedFunctionExample.Properties.FunctionName:**  The `!GetAtt` function is used correctly to reference the output of the nested stack. However, it\'s unclear if the nested stack actually outputs a value named ""NestedFunctionName"". This needs to be verified against the nested stack template.\n2. **NestedApp1:**  Since it\'s a Serverless Application, it needs to define at least one function within it. Currently, it only defines an event source, but no function to handle it.\n3. **ImportValueExample.Properties.FunctionName:** This relies on another stack exporting ""ExportedFunctionName"".  It\'s important to ensure that the other stack exists and exports this value.\n\n## [Value Dependency Errors]\n\n1. **MyQueue.Arn** is used in both `NestedApp1` and `ImportValueExample`. This implies both the nested application and the imported function need to access the same queue. Ensure this is the intended design. \n\n<END>']"
gemini-1.5-pro,TESTSelect7.yaml,"[""<START>\n\n**[Configuration Entry Errors]**\n\n* **Missing `Policies` Entry:** For the `MyFunction` resource, to grant the function access to the SQS queue, you need to define an IAM policy under the `Policies` property. This policy should allow the `sqs:ReceiveMessage`, `sqs:DeleteMessage`, and `sqs:GetQueueAttributes` actions on the specific queue ARN.\n\n**[Entry Dependency Errors]**\n\n* **Missing `FunctionName` in `SQSEvent`:** While you correctly use `!GetAtt` to reference the queue ARN, the `SQSEvent` configuration needs to explicitly specify the function it's associated with. This is typically done by defining a `FunctionName` property within the `Properties` of the `SQSEvent`.\n\n<END>""]"
gemini-1.5-pro,TESTSelect6.yaml,["<START>\n\n**[Configuration Entry Errors]**\n\n* **Missing `Description`:** The `AWS::Lambda::LayerVersion` resource type requires a `Description` property. \n\n**[Configuration Entry Value Errors]**\n\n* **`ContentUri` should be an S3 URI:** The `ContentUri` property should point to an Amazon S3 location where your layer's code is stored.  It should be in the format:  `s3://your-bucket-name/path/to/layer.zip`\n\n<END>"]
gemini-1.5-pro,TESTSelect10.yaml,"['<START>\n\n## Resource Type Errors\n- **None** \n\n## Configuration Entry Errors\n- **AWSApiGateway.Properties.Auth.ResourcePolicy.IpRangeWhitelist**:  The correct property name is `IpRanges` instead of `IpRangeWhitelist`.\n\n## Configuration Entry Value Errors\n- **AWSApiGateway.Properties.EndpointConfiguration.Types**: `PRIVATE` endpoints are not compatible with VPC Endpoints. Using `EDGE` would be more appropriate for internet-facing APIs with VPC Endpoints.\n\n## Entry Dependency Errors\n- **AWSApiGateway.Properties.EndpointConfiguration.VpcEndpointIds**:  Since the `EndpointConfiguration.Types` is set to `PRIVATE`, the `VpcEndpointIds` property should not be used. Private endpoints are accessed through the VPC endpoint interface, not directly via an ID.\n\n## Value Dependency Errors\n- **None**\n\n<END>']"
gemini-1.5-pro,TESTSelect1.yaml,"['<START>\n\n**[Resource Type Errors]**\n\n* **AWS::Serverless::Function:** The correct resource type for Lambda functions in SAM is `AWS::Serverless::Function`, not `AWS::Serverless::Function`.\n\n**[Configuration Entry Errors]**\n\n* **HelloWorldFunction/Properties/Events/ApiEvent/Properties/RestApiId:** The `RestApiId` property should be defined directly under the `ApiEvent` property, not within a nested `Properties` object.\n\n**[Entry Dependency Errors]**\n\n* **TestWaitOnDependency/DependsOn:** The `DependsOn` property should reference the logical name of the `RestAPIGateway` resource (`RestAPIGateway`), not the resource type.\n\n<END>']"
gemini-1.5-pro,TESTSelect11.yaml,"['<START>\n\n## Resource Type Errors\n\n- **AWS::ApiGateway::UsagePlan**: This resource type is not supported by SAM for direct definition. Usage plans should be managed through AWS API Gateway console or other infrastructure-as-code tools.\n\n## Configuration Entry Errors\n\n- **ServerlessService**: \n    - **DefinitionBody**: The `Location` parameter within `Parameters` should point to a Swagger/OpenAPI definition file. While an S3 bucket path is provided, it\'s missing the actual filename. It should be something like: `s3://mybucket/swagger.yml`. \n- **ServerlessServiceFunction**:\n    - **Events**:\n        - **ProxyApiRoot**: This is not a valid event type. It should be `Api`.\n        - Missing `Path` and `Method` properties under the `Api` event to define the API Gateway integration.\n\n## Configuration Entry Value Errors\n\n- **ServerlessService**:\n    - **StageName**:  While ""test"" is a common stage name, ensure it aligns with your deployment strategy.\n\n## Entry Dependency Errors\n\n- **ServerlessServiceDefaultUsagePlan**:\n    - **DependsOn**: It references `ServerlessServicetestStage`, which seems like an attempt to reference the API Gateway stage. However, SAM manages stage creation implicitly, and you should not directly depend on it.\n\n## Value Dependency Errors\n\n- **ServerlessServiceFunction**:\n    - **Events**:\n        - **ProxyApiRoot** (should be `Api`): \n            - **RestApiId**: It correctly uses `!Ref ServerlessService`, establishing a dependency on the `ServerlessService` API Gateway resource.\n\n<END>']"
gemini-1.5-pro,TESTSelect28.yaml,"['<START>\n\n**[Resource Type Errors]**\n\n* **None:** The resource type `AWS::Serverless::Function` is supported by SAM.\n\n**[Configuration Entry Errors]**\n\n* **`CodeUri`:**  The `CodeUri` property should point to a folder containing the deployment artifact (like a zip file) when `Runtime: dotnetcore3.1`. It seems like it\'s pointing directly to a zip file. \n\n**[Configuration Entry Value Errors]**\n\n* **`Runtime`:**  The runtime `dotnetcore3.1` is deprecated. Consider using `dotnet6` or later for optimal support.\n\n**[Entry Dependency Errors]**\n\n* **None:** The `!Ref Stage` usage is acceptable, assuming ""Stage"" is defined as a parameter in the template.\n\n**[Value Dependency Errors]**\n\n* **None:** No obvious value dependency errors are present. \n\n<END>']"
gemini-1.5-pro,TESTSelect24.yaml,"['<START>\n\n**[Configuration Entry Errors]**\n\n* **Missing `DetailType`:** Under the `Events.Trigger.Properties.Pattern` section, a `DetailType` property is missing. It should specify the detail type of the event that the rule should match.\n\n**[Entry Dependency Errors]**\n\n* **Incorrect `Type` for Event Trigger:** The `Type` under `Events.Trigger` should be `EventBridgeRule`, not `EventBridgeRule`. However, this might be a typo in your question as both options are essentially the same in this context.\n\n**[Configuration Entry Value Errors]**\n\n* **Incorrect Indentation for `Events`:** The `Events` property within `MyLambdaFunction` is not indented correctly. It should be at the same level as `Handler`, `Runtime`, and `InlineCode`.\n\n<END>']"
gemini-1.5-pro,TESTSelect25.yaml,"['<START>\n\n**[Resource Type Errors]**\n\n* **Incorrect Resource Type:** The resource type `AWS::Serverless::Function` is deprecated. The correct resource type for defining Lambda functions in SAM is `AWS::Serverless::Function`.\n\n**[Configuration Entry Errors]**\n\n* **Missing Required Properties:** The `Runtime`, `Handler`, and `CodeUri` properties are mandatory for `AWS::Serverless::Function` and are missing in the provided configuration. \n\n**[Configuration Entry Value Errors]**\n\n* **None:**  While there are no explicit value errors, the missing required properties (`Runtime`, `Handler`, `CodeUri`) would lead to validation errors as they cannot have null values.\n\n**[Entry Dependency Errors]**\n\n* **None:** There are no apparent entry dependency errors in the given snippet. However, this is hard to assess fully without seeing how `FunctionName` might be referenced elsewhere.\n\n**[Value Dependency Errors]**\n\n* **None:** There are no apparent value dependency errors in the given snippet.\n\n<END>']"
gemini-1.5-pro,TESTSelect29.yaml,"['<START>\n\n**[Resource Type Errors]**\n\n- **No errors found.**\n\n**[Configuration Entry Errors]**\n\n- **Incorrect Event Bus Name:**  The `EventBusName` property under the `SampleEvent` should be `ScheduleExpression` for scheduled events. \n\n- **Missing `CodeUri` or `ImageUri`:** The `AWS::Serverless::Function` resource requires either a `CodeUri` (for code deployments) or `ImageUri` (for container image deployments) to specify the function\'s code.\n\n**[Configuration Entry Value Errors]**\n\n- **Policies:** The value for `Policies` should be an object defining the IAM policy, not just ""AWSLambdaExecute"". You need to specify the actions and resources the function is allowed to access.\n\n**[Entry Dependency Errors]**\n\n- **No errors found.**\n\n**[Value Dependency Errors]**\n\n- **No errors found.**\n\n<END>']"
gemini-1.5-pro,TESTSelect18.yaml,"['<START>\n\n**[Configuration Entry Errors]**\n- **Incorrect Entry:** The entry `Variables` under `Environment` should be `Variables`. \n\n**[Configuration Entry Value Errors]**\n- **Incorrect Value:**  While not technically an error, `POWERTOOLS_METRICS_NAMESPACE` might be better as `ServerlessAirline` (lowercase) to follow common naming conventions for metric namespaces.\n\n<END>']"
gemini-1.5-pro,TESTSelect22.yaml,"[""<START>\n\n**[Resource Type Errors]**\n\n* **None**\n\n**[Configuration Entry Errors]**\n\n* **Policies:** The `Policies` property should be placed outside the `Properties` block, at the same level as `Type` and `Properties`. \n\n**[Configuration Entry Value Errors]**\n\n* **None**\n\n**[Entry Dependency Errors]**\n\n* **LogGroup:** The `LogGroup` property under `LoggingConfig` should be a reference to a `AWS::Logs::LogGroup` resource using `!Ref`, but there's no such resource defined in the provided template.\n\n**[Value Dependency Errors]**\n\n* **None** \n\n<END>""]"
gemini-1.5-pro,TESTSelect23.yaml,"[""<START>\n\n## Resource Type Errors\n- **None** - Both `AWS::Serverless::Api` and `AWS::Serverless::Function` are valid resource types in SAM.\n\n## Configuration Entry Errors\n- **`AWS::Serverless::Api` -> `Properties` -> `EndpointConfiguration` -> `VPCEndpointIds`**:  The entry should be **`VpcEndpointIds`** (lowercase 'v') instead of `VPCEndpointIds`.\n- **`AWS::Serverless::Function`**: Missing required `FunctionName` property. \n\n## Configuration Entry Value Errors\n- **`AWS::Serverless::Api` -> `Properties` -> `Auth` -> `ResourcePolicy` -> `CustomStatements`**: The second statement's `Condition` is incorrectly structured. `StringNotEquals` should compare two strings. Here, it's comparing a string to a resolved VPC Endpoint ID. It should likely use a condition like `StringLike` to compare against a pattern.\n\n## Entry Dependency Errors\n- **`AWS::Serverless::Api` -> `Properties` -> `EndpointConfiguration` -> `VpcEndpointIds`**: The `!FindInMap` usage seems correct, assuming `EnvConfig` is defined with the necessary structure in a `Mappings` section. \n- **`AWS::Serverless::Function` -> `Properties` -> `CodeUri`**: Both `Bucket` and `Key` use `!Ref` correctly, assuming `Bucket` and `Application` are defined as parameters.\n- **`AWS::Serverless::Function` -> `Properties` -> `Events` -> `SayHelloApi` -> `Properties` -> `RestApiId`**:  `!Ref PrivateApiResource` is the correct way to reference the API Gateway resource.\n\n## Value Dependency Errors\n- **None**: No obvious value dependency issues are present.\n\n<END>""]"
gemini-1.5-pro,TESTSelect19.yaml,"['<START>\n\n## Resource Type Errors\n- **AWS::SQS::Queue**: `ContentBasedDeduplication` is not a supported property for FIFO queues. It should be removed.\n\n## Configuration Entry Errors\n- **AWS::Serverless::Function (StartMicroservice)**: \n    - `InlineCode` is not a valid property. It should be `CodeUri`.\n    -  `Handler` should be `lambda_function.lambda_handler` to match the `Globals` section.\n- **AWS::CloudWatch::Alarm (StateMachineFailureAlarm, StateMachineTimedOutAlarm, StateMachineThrottledAlarm)**: \n    - `AlarmActions` should be a list of strings, not a single string with `!ImportValue`.  It should be `- !ImportValue sns-topic-step-function-failures`.\n\n## Configuration Entry Value Errors\n- **AWS::SQS::Queue (CredentialDenicFifoQueueContainerized)**:\n    -  `QueueName` values should not include periods (`.`). Consider using hyphens (`-`) instead.\n\n## Entry Dependency Errors\n- **AWS::Serverless::Function (StartMicroservice)**: \n    - The `STEP_FUNCTION_ARN` environment variable references `MainStateMachine.Arn`, but the `MainStateMachine` resource is defined *after* `StartMicroservice`. The order of these resources should be reversed.\n\n## Value Dependency Errors\n- None.\n\n<END>']"
gemini-1.5-pro,TESTSelect20.yaml,"[""<START>\n\n**[Resource Type Errors]**\n\n* **CreateMetaEvent is not a supported Event Source Type:**  The `CreateMetaEvent` under the `BucketEventConsumer` resource's `Events` property is incorrect. SAM uses standard AWS event source names. You should use `S3` directly as the event source type.\n\n**[Configuration Entry Errors]**\n\n* **Incorrect Indentation for Filter:** The `Filter` property within the `S3` event definition is incorrectly indented. It should be at the same level as `Bucket` and `Events`.\n\n**[Entry Dependency Errors]**\n\n* **Incorrect Reference in Bucket Property:** The `Bucket` property within the `S3` event definition should reference the actual S3 bucket resource. Instead of `!Ref SomeBucket`, it should be `!Ref BucketEventConsumer`.\n\n**[Value Dependency Errors]**\n\n* **NeedsSomeBucket Condition Misuse:** The `NeedsSomeBucket` condition checks if `PreExistingBucket` is 'no'. However, it's then used to conditionally create the `SomeBucket` resource, which implies the condition should be true when a bucket is needed (i.e., `PreExistingBucket` is 'yes').\n\n<END>""]"
gemini-1.5-pro,TESTSelect16.yaml,"['<START>\n\n**[Resource Type Errors]**\n\n* **Fn::Transform:** The `Fn::Transform` property within the `MyNewTable` resource is not a supported resource type in AWS SAM. While `AWS::DynamoDB::Table` is supported, using  `Fn::Transform` directly in a SAM template for resource generation is not the standard approach. SAM uses CloudFormation transforms under the hood, but you typically define them differently.\n\n**[Configuration Entry Errors]**\n\n* **InlineCode:** The `InlineCode` property within the `HelloWorldFunction` resource should be indented one level further to be correctly nested under `Properties`.\n\n**Example of correct indentation:**\n\n```yaml\n      Properties:\n        FunctionName: ""Test""\n        InlineCode: |\n          import json\n          def handler(event, context):\n            return {\n              ""statusCode"": 200,\n              ""body"": json.dumps({\n                  ""message"": ""hello world"",\n              }),\n            } \n        Handler: index.handler\n        Runtime: python3.11\n        Architectures:\n          - arm64\n```\n\n**[Configuration Entry Value Errors]**\n\n* **None:** There are no clear configuration entry value errors based on the provided information. \n\n**[Entry Dependency Errors]**\n\n* **TestMacro:** The `Fn::Transform` with the name ""TestMacro"" in the `MyNewTable` resource is not defined. If you intend to use a transform, you need to define it within the template or reference a predefined transform.\n\n**[Value Dependency Errors]**\n\n* **None:** There are no clear value dependency errors based on the provided information.\n\n<END>']"
gemini-1.5-pro,TESTSelect17.yaml,"['<START>\n\n**[Configuration Entry Errors]**\n\n* **Events/Trigger/Properties/Pattern**: The `source` field should be an array, even with a single element.\n\n**[Configuration Entry Value Errors]**\n\n* **ImageUri**: The ImageUri value seems to be placeholder and should be replaced with an actual ECR repository URI. \n\n**[Entry Dependency Errors]**\n\n* **ImageConfig**:  `ImageConfig` should not be defined when `PackageType` is set to `Image`.\n\n**[Resource Type Errors]**\n\n* **None**\n\n**[Value Dependency Errors]**\n\n* **None**\n\n<END>']"
gemini-1.5-pro,TESTSelect21.yaml,['<START>\n\n**[Resource Type Errors]**\n\n* The resource type `AWS::Serverless::Function` is deprecated and should be replaced with `AWS::Serverless::Function//Function`.\n\n**[Configuration Entry Errors]**\n\n* The `Version` property is not a valid configuration entry for `AWS::Serverless::Function`.\n\n**[Configuration Entry Value Errors]**\n\n* Lambda functions deployed to Lambda@Edge **cannot** have a `Timeout` property specified. The timeout for Lambda@Edge functions is determined by the CloudFront distribution configuration.\n\n**[Entry Dependency Errors]**\n\n*  Lambda@Edge functions **cannot** use the `Role` property. They must use the `AWSLambdaBasicExecutionRole` managed policy instead. \n\n**[Value Dependency Errors]**\n\n* N/A\n\n<END>']
gemini-1.5-pro,TESTSelect30.yaml,"[""<START>\n\n## Resource Type Errors\n\n- **None** -  All resource types used ( `AWS::Serverless::Api`) are supported by SAM.\n\n## Configuration Entry Errors\n\n- **DomainEndpointConfiguration:** The correct casing is `EndpointConfiguration` under `Domain` within `AWS::Serverless::Api`.\n- **CacheClusterEnabled:** This property is not supported within `AWS::Serverless::Api`. To disable caching, you should omit this property.\n- **MethodSettings.MetricsEnabled:** The `AWS::Serverless::Api` resource itself doesn't support enabling metrics at the API level. Metrics are enabled/disabled at the stage level. \n\n## Configuration Entry Value Errors\n\n- **Domain.DomainName:** The `DomainName` should include the subdomain (e.g., `api.example.com` is correct). However, ensure this matches your actual domain and certificate.\n- **EndpointConfiguration:** While `REGIONAL` is a valid value, using `EDGE` with a custom domain might lead to unexpected behavior.  If you intend to use the custom domain, ensure `EDGE` aligns with your routing needs.\n- **MinimumCompressionSize:** The unit is missing. It should be `MinimumCompressionSize: 1048576` (for 1 MB) or specify a different value in bytes.\n- **Name:**  While allowed, using `DEV` as the name might be misleading. The `Name` property is for internal CloudFormation identification, not the API Gateway stage name. \n\n## Entry Dependency Errors\n\n- **Domain.CertificateArn:** Verify that the provided ARN `arn:aws:acm:us-east-1:123456789012:certificate/abcd1234-5678-90ef-ghij-klmnopqrstuv` is correct and exists in your AWS account.\n\n## Value Dependency Errors\n\n- **Domain.Route53.HostedZoneId and Domain.DomainName:** Ensure the `HostedZoneId` (`ABCD`) corresponds to the DNS zone managing the `DomainName` (`api.example.com`).\n\n<END>""]"
gemini-1.5-pro,TESTSelect26.yaml,['<START>\n\n**[Configuration Entry Errors]**\n\n* **Missing `EventBusName` property:** The `EventBridgeRule` event type for state machines requires an `EventBusName` property to specify the event bus to which the rule should be attached. \n\n**[Entry Dependency Errors]**\n\n* **Missing `DefinitionUri` or `DefinitionSubstitutions`:** The `AWS::Serverless::StateMachine` resource type requires either a `DefinitionUri` property to specify the location of the state machine definition or `DefinitionSubstitutions` to define the state machine definition within the SAM template. \n\n<END>']
gemini-1.5-pro,TESTSelect27.yaml,"['<START>\n\n**[Configuration Entry Errors]**\n\n* **Resources/ApiName/Properties:**  `EndpointConfiguration/Types` should be `EndpointConfiguration/Type` (singular).\n\n**[Configuration Entry Value Errors]**\n\n* **Resources/ApiName/Properties:** The value of `EndpointConfiguration/Type` should be a string, not a list. \n\n<END>']"
gemini-1.5-pro,TESTSelect45.yaml,"[""<START>\n\n**[Configuration Entry Errors]**\n\n* **ContentUri:** The `ContentUri` property should be `ContentURI` (URI should be all uppercase).\n\n**[Configuration Entry Value Errors]**\n\n* **ContentURI:** While not technically invalid, using `dependencies/common` for `ContentURI` assumes your SAM template exists at the root of your project. It's best practice to use the `!Sub` function with `${AWS::SAM::ProjectRoot}/dependencies/common` to ensure the path is always resolved correctly relative to the template's location.\n\n<END>""]"
gemini-1.5-pro,TESTSelect53.yaml,"['<START>\n\n**[Resource Type Errors]**\n\n* **None** - The resource type `AWS::Serverless::Function` is supported by SAM.\n\n**[Configuration Entry Errors]**\n\n* **CodeUri: Incorrect Conditional Value** - The `CodeUri` property has an incorrect conditional value. While the condition `CreateProdResources` is correctly defined, the paths within the `!If` statement are problematic. It should point to directories containing the function code, likely `functions/prod` and `functions/dev`, not `functions/prod/app/` and `functions/dev/app/`.\n\n**[Configuration Entry Value Errors]**\n\n* **None** - All configuration entry values appear to be of the correct type and within allowed constraints.\n\n**[Entry Dependency Errors]**\n\n* **None** -  The `!Ref` usage for the condition is correct, and there are no other apparent dependency issues.\n\n**[Value Dependency Errors]**\n\n* **None** - There are no apparent value dependency issues.\n\n<END>']"
gemini-1.5-pro,TESTSelect49.yaml,['<START>\n\n**[Resource Type Errors]**\n\n* **No resource type errors found.**\n\n**[Configuration Entry Errors]**\n\n* **No configuration entry errors found.** \n\n**[Configuration Entry Value Errors]**\n\n* **No configuration entry value errors found.**\n\n**[Entry Dependency Errors]**\n\n* **No entry dependency errors found.**\n\n**[Value Dependency Errors]**\n\n* **No value dependency errors found.** \n\n<END>']
gemini-1.5-pro,TESTSelect32.yaml,['<START>\n\n##  [Resource Type Errors]\n\n- No errors found.\n\n##  [Configuration Entry Errors]\n\n- **HelloWorldFunction/Properties**: `RestApiRootResourceId` should be `RestApiId` under `Events/HelloWorld/Properties`.\n\n##  [Configuration Entry Value Errors]\n\n- No errors found.\n\n##  [Entry Dependency Errors]\n\n- No errors found.\n\n##  [Value Dependency Errors]\n\n- No errors found.\n\n<END>']
gemini-1.5-pro,TESTSelect33.yaml,['<START>\n\n## Resource Type Errors\n- **None**\n\n## Configuration Entry Errors\n- **Resources > Function > Properties > Events > ExampleTopic > Type:**  The correct configuration entry name should be `Properties`. \n\n## Configuration Entry Value Errors\n- **None**\n\n## Entry Dependency Errors\n- **None**\n\n## Value Dependency Errors\n- **None**\n\n<END>']
gemini-1.5-pro,TESTSelect48.yaml,['<START>\n\n**[Resource Type Errors]**\n\n* `AWS::Serverless::Application` is not a supported resource type in AWS SAM. The correct resource type for deploying serverless applications is `AWS::Serverless::Application`. \n\n**[Configuration Entry Errors]**\n\n*  **Missing `SemanticVersion`:** The `SemanticVersion` property under `Location` is missing a value. It must specify the version of the application from the Serverless Application Repository.\n\n**[Configuration Entry Value Errors]**\n\n* **Placeholder Value:** The `IdentityNameParameter` parameter has a placeholder value "YOUR_VALUE".  You need to replace this with an actual value relevant to your application.\n\n<END>']
gemini-1.5-pro,TESTSelect52.yaml,"['<START>\n\n**[Resource Type Errors]**\n\n1.  **Line 9: `Type: AWS::Serverless::Function`** \n    * The correct resource type should be `AWS::Serverless::Function`. The provided type is missing the ""s"" at the end of ""Serverless"".\n\n**[Configuration Entry Errors]**\n\n1.  **Line 11: `AutoPublishAlias`**\n    * The correct configuration entry name is `AutoPublishAlias`. The provided name is missing the ""s"" at the end.\n\n**[Entry Dependency Errors]**\n\n1. **Line 11: `!Ref: Stage`**\n    * While not technically an error, it\'s worth noting that using `!Ref: Stage` directly within `AutoPublishAlias` might not be the intended behavior. `AutoPublishAlias` typically expects a boolean value.  If the goal is to use the stage name as part of a function alias, a different approach like using `Fn::Join` would be needed. \n\n<END>']"
gemini-1.5-pro,TESTSelect44.yaml,"[""<START>\n\n**[Configuration Entry Errors]**\n\n* **Missing `Api` Property:**  Under the `GetRequest` event, you're missing the `Api` property. This property is required to link the `HttpApi` event to an actual API Gateway HTTP API resource. You'll need to define an `AWS::Serverless::HttpApi` resource and reference it here.\n\n**[Entry Dependency Errors]**\n\n* **Missing `AWS::Serverless::HttpApi` Resource:** As mentioned above, you need to define an `AWS::Serverless::HttpApi` resource to use the `HttpApi` event type. The `Api` property under `GetRequest` should then reference this resource.\n\n<END>""]"
gemini-1.5-pro,TESTSelect34.yaml,"['<START>\n\n## [Resource Type Errors]\n\n- **AWS::Lambda::Permission** is not a supported resource type in AWS SAM. Use AWS::Serverless::Function\'s `Policies` property for authorization instead.\n\n## [Configuration Entry Errors]\n\n- **RestApiId** under `HelloWorldFunctionNoRole`, `HelloWorldFunctionInline`, and `HelloWorldFunctionPerm` `Events` should be **RestApiId**. \n\n## [Entry Dependency Errors]\n\n- **HelloWorldFunctionPerm** references **HelloWorldLambdaPermission** for authorization, but `AWS::Lambda::Permission` is not a valid SAM resource.  Authorization should be handled within the `HelloWorldFunctionPerm` Function resource using the `Policies` property.\n\n## [Configuration Entry Value Errors]\n\n- **EndpointConfiguration** in `HelloWorldApi` should have a value of `REGIONAL` or `{ ""Type"": ""EDGE"" }`. The current value `EDGE` is invalid.\n\n<END>']"
gemini-1.5-pro,TESTSelect43.yaml,"['<START>\n\n## Resource Type Errors\n- **EcsRunTaskPolicy**:  `EcsRunTaskPolicy` is not a recognized resource type in SAM. You likely want to grant permissions within the `Policies` section of the `AWS::Serverless::Function` using AWS managed policies like `AmazonECS_FullAccess` or create a custom policy.\n\n## Configuration Entry Errors\n- **TaskDefinition**: The `TaskDefinition` property under `Policies` is incorrectly placed. It should be defined within an IAM policy document that grants the function permission to run ECS tasks. \n\n## Configuration Entry Value Errors\n- **TaskDefinition**: The value for `TaskDefinition` should be the full ARN of the task definition, not just the family and revision (`sample-batch-job:*`). \n\n## Entry Dependency Errors\n- **Policies**: The `Policies` section needs to contain valid IAM policy documents. Referencing `TaskDefinition` directly is incorrect.\n\n## Value Dependency Errors\n-  N/A\n\n<END>']"
gemini-1.5-pro,TESTSelect55.yaml,"['<START>\n\n##  [Configuration Entry Errors]\n\n* **Resource:** BackendLambda  **Property:** Events/CountReferences/Properties  **Error:** Missing required property `Path` under `Events/CountReferences/Properties`. The correct path should be `/references/count/{amid}/{type}` based on the provided OpenAPI definition.\n\n## [Entry Dependency Errors]\n\n* **Resource:** BackendLambda  **Property:** Role  **Error:** The `BackendLambdaRole` resource is not defined, so `!GetAtt BackendLambdaRole.Arn` will fail. You need to define an IAM role for the Lambda function.\n\n<END>']"
gemini-1.5-pro,TESTSelect38.yaml,"[""<START>\n\n**[Resource Type Errors]**\n\n* **None** - `AWS::Serverless::Function` is a supported resource type in AWS SAM.\n\n**[Configuration Entry Errors]**\n\n* **`CodeUri`: Value should point to a folder containing the function code, not the executable itself.**  While not technically an error, it's best practice for `CodeUri` to point to a directory (e.g., `bootstrap/`) rather than a specific file. The build process within the directory is typically handled by the `BuildMethod`.\n\n* **`Handler`:  The value of `Handler` should include the function name.** In Go, the handler should be the path to the package and function name, for example: `bootstrap/main.go`.\n\n**[Configuration Entry Value Errors]**\n\n* **`Runtime`: `go.1x` is deprecated.** Use specific Go versions like `go1.x` (e.g., `go1.18`).\n\n**[Entry Dependency Errors]**\n\n* **None** - The provided configuration doesn't have any obvious entry dependency errors.\n\n**[Value Dependency Errors]**\n\n* **None** - The provided configuration doesn't have any obvious value dependency errors. \n\n<END>""]"
gemini-1.5-pro,TESTSelect39.yaml,"['<START>\n\n**[Configuration Entry Errors]**\n\n* **Incorrect Event Source Type:** Under the `Events` section, `ScheduledEvent` should be `Schedule`. It appears you\'re trying to configure a scheduled event trigger.\n\n**[Configuration Entry Value Errors]**\n\n* **Policies:** The `Policies` property should contain the ARNs of the policies, not their names. You would typically use something like `AWSLambdaBasicExecutionRole` for simpler use cases, but for custom policies, you\'d need the full ARN.  Using `- !Sub ""arn:${AWS::Partition}:iam::aws:policy/AWSLambdaVPCAccessExecutionRole""` would be more accurate. You\'ll need to replace placeholders like `${AWS::Partition}` with actual values or references if needed.\n\n**[Entry Dependency Errors]**\n\n* **EC2DescribePolicy:** The policy `EC2DescribePolicy` seems out of place. Unless your Lambda function specifically needs to describe EC2 instances, this policy might be unnecessary. Review if this permission is truly required.\n\n<END>']"
gemini-1.5-pro,TESTSelect54.yaml,"[""<START>\n\n##  [Entry Dependency Errors]\n\n1. **RestApiId**: The `RestApiId` property under the `CreateAccount` API event should reference an existing API Gateway REST API. However, the provided configuration only has `!Ref XX`, which is not a valid reference. You need to create an `AWS::Serverless::Api` resource and reference its logical ID here.\n\n## [Configuration Entry Errors]\n\n1. **Events/CreateAccount/Properties/RequestModel**: The `RequestModel` property should be defined directly within the `Properties` of the `CreateAccount` API event, not nested under another `Properties` level. \n\n##  [Configuration Entry Value Errors]\n\n1. **Handler**: The `Handler` property expects the handler function's path relative to the root of your function's deployment package. Assuming your function code is in a file named `create.js` inside the `controllers/accounts` directory, the correct value should be `controllers/accounts/create.handler`.\n\n\n<END>""]"
gemini-1.5-pro,TESTSelect42.yaml,"['<START>\n\n**[Resource Type Errors]**\n\n* No errors found.\n\n**[Configuration Entry Errors]**\n\n* **Policies:** The `Policies` property should be `Policies`. Case sensitivity matters in SAM templates.\n\n**[Configuration Entry Value Errors]**\n\n* **Policies:**  The value `""SESBulkTemplatedCrudPolicy_v2""` should be a list of policies, even if it\'s just one. \n\n**[Entry Dependency Errors]**\n\n* No errors found.\n\n**[Value Dependency Errors]**\n\n* No errors found.\n\n<END>']"
gemini-1.5-pro,TESTSelect35.yaml,"['<START>\n\n**[Resource Type Errors]**\n\n* **MyLayer/Properties/CompatibleArchitectures**: ""fake"" is not a valid architecture. Valid architectures for Lambda layers can be found here: https://docs.aws.amazon.com/lambda/latest/dg/configuration-layers.html#configuration-layers-path\n* **MyFunction/Properties/Architectures**: ""fake"" is not a valid architecture. Valid architectures for Lambda functions can be found in the same link above. \n\n**[Configuration Entry Errors]**\n\n* **MyLayer/Properties/ContentUri**:  While not technically incorrect, it\'s best practice to use `S3Bucket`, `S3Key`, and `S3ObjectVersion` for clarity and to leverage AWS SAM\'s deployment capabilities.\n* **MyLayer/Metadata**: `BuildMethod` and `BuildArchitecture` are not standard properties of the `AWS::Serverless::LayerVersion` resource.\n\n**[Configuration Entry Value Errors]**\n\n* **MyLayer/Properties/CompatibleArchitectures**:  `${MyParam}` is being used to dynamically set the architecture, but the allowed values for `MyParam` (`A`, `B`, `C`, `D`) are not valid architectures.\n\n**[Entry Dependency Errors]**\n\n* None.\n\n**[Value Dependency Errors]**\n\n* None.\n\n<END>']"
gemini-1.5-pro,TESTSelect58.yaml,"[""<START>\n\n**[Resource Type Errors]**\n\n* **Unsupported Resource Type:** `AWS::Serverless::Function` is not a supported resource type in the `AWS::Serverless-2016-10-31`  transform. The correct resource type for defining Lambda functions in SAM is `AWS::Serverless::Function`.\n\n**[Configuration Entry Errors]**\n\n* **ImageUri with AutoPublishAlias:** The `ImageUri` property should not be used when `AutoPublishAlias` is set.  If you're using `AutoPublishAlias`, you should define your function code using either the `CodeUri` or `ZipFile` properties, indicating a deployment package or inline code.\n\n**[Entry Dependency Errors]**\n\n* **Missing CodeUri/ZipFile:** When defining a Lambda function, you must specify either the `CodeUri` property (for external code repositories) or the `ZipFile` property (for inline code). This is missing in the provided configuration.\n\n<END>""]"
gemini-1.5-pro,TESTSelect36.yaml,['<START>\n\n**[Resource Type Errors]**\n\n* No resource type errors found.\n\n**[Configuration Entry Errors]**\n\n* **rTestMachine/Properties/Policies:**  The `Policies` property is not a valid configuration entry for the `AWS::Serverless::StateMachine` resource type. State machine policies are handled through IAM roles.\n\n**[Configuration Entry Value Errors]**\n\n* **rLambda/Properties/Runtime:** Python 3.6 is deprecated. Use a supported Python runtime like `python3.9`.\n\n**[Entry Dependency Errors]**\n\n* No entry dependency errors found.\n\n**[Value Dependency Errors]**\n\n* No value dependency errors found. \n\n<END>']
gemini-1.5-pro,TESTSelect57.yaml,"[""<START>\n\n**[Resource Type Errors]**\n\n* The resource type `AWS::Serverless::Function` is deprecated. Use `AWS::Serverless::Application` or `AWS::Lambda::Function` instead.  See: https://docs.aws.amazon.com/serverless-application-model/latest/developerguide/sam-resource-function.html\n\n**[Configuration Entry Errors]**\n\n* **Missing `Architectures` Property:** When using `PackageType: Image`, the `Architectures` property is required within the `Properties` section. It specifies the processor architecture of the Lambda function. \n* **Potentially Missing `Timeout` Property:** While not strictly an error, it's best practice to explicitly define a `Timeout` value for your Lambda function to prevent unexpected behavior.\n\n**[Configuration Entry Value Errors]**\n\n* **ImageUri Format:**  While the format provided might work, it's generally recommended to use a more dynamic approach for ECR image URIs. Consider using `!Sub` with the ECR repository URI and image tag.\n\n**[Entry Dependency Errors]**\n\n* **Role Definition:** The `Role` property should reference an IAM Role ARN. While using `Fn::GetAtt` is correct, ensure that `ETLLambdasRole` is defined within the same SAM template and outputs its ARN.\n\n**[Value Dependency Errors]**\n\n* None detected.\n\n<END>""]"
gemini-1.5-pro,TESTSelect41.yaml,"[""<START>\n\n**[Configuration Entry Errors]**\n\n* **Missing `CodeUri` or `InlineCode`:** Under the `HelloWorldFunction` resource, the `CodeUri` property is missing. Either `CodeUri` or `InlineCode` is required to specify the function's code. However, since `InlineCode` is provided, this could be considered correct depending on the desired behavior. \n\n**[Configuration Entry Value Errors]**\n\n* **`Events` Property Indentation:** The `Events` property under the `HelloWorldFunction` resource is indented too far. It should be at the same level as `Handler`, `Runtime`, etc.\n\n**[Entry Dependency Errors]**\n\n* **`RestApiId` should be a reference:** The `RestApiId` property under the `HelloWorldFunction.Events.HelloWorld` should be a reference to the `CustomAPI` resource using `!Ref CustomAPI`.\n\n<END>""]"
gemini-1.5-pro,TESTSelect40.yaml,"['<START>\n\n**[Configuration Entry Errors]**\n\n* **Missing `FunctionName`:**  The `FunctionName` property is highly recommended, even though it\'s technically optional. Without it, CloudFormation generates a random name, making it difficult to reference the function later.\n\n**[Configuration Entry Value Errors]**\n\n* **`CodeUri` Value:** While technically not incorrect, `./src` assumes your code is in a directory named ""src"" at the root of your SAM template. It\'s best practice to be more explicit, especially if you plan to package and deploy this template. Consider using a more specific path or a placeholder for a build artifact (e.g., `s3://my-bucket/my-function.zip`).\n\n**[Entry Dependency Errors]**\n\n* **Missing `Events` Section (Potential):**  Serverless functions are often triggered by events (e.g., API Gateway requests, S3 uploads). The absence of an `Events` section suggests this function might not be invoked, which could be a misconfiguration depending on the intended use case.\n\n<END>']"
gemini-1.5-pro,TESTSelect56.yaml,"[""<START>\n## Resource Type Errors:\n- None\n\n## Configuration Entry Errors:\n- **WebUIFunction.Events.WebUITrigger.Properties**: `ApiId` should be **!Ref WebUITrigger** instead of **!Ref ExampleHttpApi**.\n- **WebUIFunction.Events.WebUIIndexTrigger.Properties**: `ApiId` should be **!Ref WebUIIndexTrigger** instead of **!Ref ExampleHttpApi**.\n- **Missing `HttpApi` Resource**:  There are no `AWS::Serverless::HttpApi` resources defined with the logical IDs `ExampleHttpApi`, `WebUITrigger`, or `WebUIIndexTrigger`. These need to be defined for the API Gateway endpoints to be created.\n\n## Configuration Entry Value Errors:\n- None\n\n## Entry Dependency Errors:\n- **ExampleFunction, HoWorldFunction**: `PackageType: Image` requires `Dockerfile`, `DockerContext`, and `DockerTag` to be defined within the function's `Metadata` block. This is correctly implemented.\n\n## Value Dependency Errors:\n- None \n<END>""]"
gemini-1.5-pro,TESTSelect37.yaml,"['<START>\n\n**[Configuration Entry Errors]**\n\n* **Missing `RestApiId` in `Events.Read.Properties`:**  When using the `Api` event type to define an API Gateway endpoint, you **must** specify the `RestApiId` property. This links the function to a specific API Gateway instance. \n\n**[Configuration Entry Value Errors]**\n\n* **Incorrect `RequestModel` Definition:** The structure of the `RequestModel` is incorrect. It should be nested under `Properties` like this:\n\n   ```yaml\n   Events:\n     Read:\n       Type: Api\n       Properties:\n         Path: /leaderboard\n         Method: GET\n         Auth:\n           ApiKeyRequired: true\n         RequestModel: \n           Content: \n             Application/Json:\n               Schema:\n                 $ref: ""#/definitions/Score"" # Assuming ""Score"" is defined in a Definitions section\n   ```\n\n**[Entry Dependency Errors]**\n\n* **Missing `Definitions` for `RequestModel`:** The `RequestModel` references a schema named ""Score"" using `$ref: ""#/definitions/Score""`. You need to define this ""Score"" schema within a `Definitions` section in your SAM template.\n\n<END>']"
gemini-1.5-pro,TESTSelect51.yaml,"[""<START>\n\n## Resource Type Errors\n-  **`AWS::Serverless::Api`**: The correct resource type should be `AWS::Serverless::HttpApi`.\n\n## Configuration Entry Errors\n- **`HttpApiFunction/Properties/Events/SimpleCase/Properties/ApiId`**: The `ApiId` property is not valid under the `HttpApi` event type. It should be removed.\n- **`HttpApiFunction/Properties/Events/BasePath/Properties/ApiId`**:  The `ApiId` property is not valid under the `HttpApi` event type. It should be replaced with `RestApiId` if using a `AWS::Serverless::Api` resource, or removed if using `AWS::Serverless::HttpApi`.\n\n## Configuration Entry Value Errors\n- **`MyApi/Properties/Auth/DefaultAuthorizer`**:  The value `LambdaAuthorizer` is not a valid authorizer identifier. It should reference a defined Lambda authorizer resource using `!Ref`.\n- **`MyApi/Properties/Auth/Authorizers/LambdaAuthorizer/FunctionPayloadType`**: The value `REQUEST` is not a valid option for `FunctionPayloadType`. Valid options are `REQUEST` and `TOKEN`. \n\n## Entry Dependency Errors\n- **`HttpApiFunction/Properties/Events/SimpleCase/Properties`** and **`HttpApiFunction/Properties/Events/BasePath/Properties`**: Both events are missing a reference to the `MyApi` resource. If using `AWS::Serverless::HttpApi`, the entire `Properties` section under each event should be removed. If using `AWS::Serverless::Api`, the `Properties` section should include `RestApiId: !Ref MyApi`.\n- **`MyApi/Properties/Auth/Authorizers/LambdaAuthorizer`**: This defines a Lambda authorizer but doesn't specify the actual Lambda function to use. It requires a `FunctionArn` property referencing the Lambda function.\n\n## Value Dependency Errors\n- **`MyApi/Properties/DefinitionBody/paths//any/x-amazon-apigateway-integration/uri`**: The integration URI points to `https://www.alphavantage.co/`, but there's no clear relationship between this external service and the defined Lambda function or the purpose of the API. \n\n<END>""]"
gemini-1.5-pro,TESTSelect47.yaml,"['<START>\n\n**[Configuration Entry Errors]**\n\n* **Cors Configuration:** The `Cors` property should be an object or a string `""true""` for enabling CORS with default settings. In the provided configuration, it\'s set to `""www.example.tld""`, which is not a valid value. It should be either an object defining CORS settings or `""true""`.\n\n**[Configuration Entry Value Errors]**\n\n* **DefinitionBody:** While not strictly an error, using `Fn::Sub` within the `DefinitionBody` is unconventional and might lead to issues. SAM resolves these references during deployment, and it\'s best practice to keep the OpenAPI definition static within `DefinitionBody`. Consider defining the function ARN separately and referencing it using `!Sub`.\n\n**[Entry Dependency Errors]**\n\n* **Function Reference:** The `uri` property under `x-amazon-apigateway-integration` references `someFunction.Arn`.  There\'s no guarantee that a resource named ""someFunction"" exists. To reference a function\'s ARN, you need to define a Lambda function resource within your SAM template and use `!GetAtt FunctionLogicalName.Arn`.\n\n<END>']"
gemini-1.5-pro,TESTSelect31.yaml,"[""<START>\n\n## Resource Type Errors\n- **None** - All resource types used (AWS::Serverless::Function, AWS::Serverless::Api) are supported by SAM.\n\n## Configuration Entry Errors\n- **Events.CompanyDetails.Type**:  The correct casing should be `Api`, not `api`.\n- **Missing `Path` and `Method` for `ServerlessRestApi`**: The `Outputs.EAPApi` value suggests the use of `AWS::Serverless::Api` resource, but it's missing from the template. This API resource needs to define the `/company` path and `GET` method.\n\n## Configuration Entry Value Errors\n- **Globals.Function.Environment.Variables.AWS_REGION_DYNAMODB**: While not strictly an error, it's redundant.  DynamoDB access within a Lambda function automatically uses the function's region.\n\n## Entry Dependency Errors\n- **Outputs.EAPApi.Value**:  The `ServerlessRestApi` resource is referenced but not defined in the template.\n\n## Value Dependency Errors\n- **None**: There are no obvious value dependency errors.\n\n<END>""]"
gemini-1.5-pro,TESTSelect46.yaml,"[""<START>\n\n##  [Configuration Entry Errors]\n\n* **MyFunction/Properties/Handler:** The `Handler` property should be `foo.handler` instead of just `foo`. This assumes that the function code is in a file named `foo.py` and the handler function is named `handler`.\n\n## [Configuration Entry Value Errors]\n\n* **MyApi/Properties/Auth/ResourcePolicy/AwsAccountWhitelist:**  Using `AwsAccountWhitelist` for authorization is generally not recommended for production environments. It's very permissive. Consider using API Gateway's built-in authorization mechanisms like IAM authorization, Lambda authorizers, or Amazon Cognito user pools for more secure and granular control.\n\n<END>""]"
gemini-1.5-pro,TESTSelect50.yaml,"[""<START>\n\n##  [Configuration Entry Errors]\n\n* **Missing `Runtime` Property:** The `ListPetsFunction` resource is missing the mandatory `Runtime` property. You need to specify a runtime environment for your function (e.g., `java8.al2`, `nodejs16.x`).\n\n## [Configuration Entry Value Errors]\n\n* **Incorrect `CodeUri` Value:** The `CodeUri` property should point to a ZIP file containing your built application code within your S3 bucket.  The provided value (`./pets-api/build/libs/pets-api.jar`) suggests a local file path, which is incorrect for deployment.\n\n## [Entry Dependency Errors]\n\n* **Incorrect `RestApiId` Reference:** The `RestApiId` property under the `http` event should reference a valid API Gateway REST API. However, there's no `RestApi` resource defined in the provided template. You need to define a `AWS::Serverless::Api` resource and reference its logical ID here.\n\n<END>""]"
